from,to,label,sourceRelationship,sourceBaseClass,sourceDependentClass
app-cmdb-relationship-explorer,cap-enterprise-operations,Provides,,,
svc-cmdb-dependency-mapping,app-cmdb-relationship-explorer,Instantiates,,,
offering-cmdb-visibility-prod,svc-cmdb-dependency-mapping,Depends on,,,
ci-api-component,ci-api,Uses,Used by (child),API Component,API
ci-computer-room,ci-data-center-zone,Contains,Located In (parent),Computer Room,Data Center Zone
ci-image,ci-aws-datacenter,Runs on,Hosted on (parent),Image,AWS Datacenter
ci-storage-volume,ci-nfs-endpoint,Connects to,Implement End Point From (child),Storage Volume,NFS Endpoint
ci-cluster,ci-computer,Contains,Members (parent),Cluster,Computer
ci-ip-address,ci-isam-server,Depends on,Owned by (child),IP Address,ISAM Server
ci-cmdb-ci-cloud-org,ci-google-organization-folder,Contains,Contains (parent),cmdb_ci_cloud_org,Google Organization Folder
ci-ip-address,ci-hyper-v-server,Depends on,Owned by (child),IP Address,Hyper-V Server
ci-ups,ci-circuit,Depends on,Feeds (parent),UPS,Circuit
ci-circuit,ci-ups,Depends on,Fed By (child),Circuit,UPS
ci-circuit,ci-rack,Depends on,Powers (parent),Circuit,Rack
ci-rack,ci-circuit,Depends on,Powered by (child),Rack,Circuit
ci-circuit,ci-server,Depends on,Powers (parent),Circuit,Server
ci-server,ci-circuit,Depends on,Powered by (child),Server,Circuit
ci-computer-room-ac,ci-computer-room,Depends on,Cools (parent),Computer Room AC,Computer Room
ci-computer-room,ci-computer-room-ac,Depends on,Cooled By (child),Computer Room,Computer Room AC
ci-windows-server,ci-next-hop-routing-rule,Uses,Uses (parent),Windows Server,Next Hop Routing Rule
ci-cloud-hardware-type,ci-azure-datacenter,Runs on,Hosted on (parent),Cloud Hardware Type,Azure Datacenter
ci-linux-server,ci-next-hop-routing-rule,Uses,Uses (parent),Linux Server,Next Hop Routing Rule
ci-hmi,ci-scada-server,Connects to,Connects to (parent),HMI,SCADA Server
ci-ot-system-service,ci-hardware,Depends on,Depends on (parent),OT System Service,Hardware
ci-computer,ci-nas-file-system,Contains,Contains (parent),Computer,NAS File System
ci-kubernetes-node-pool,ci-logical-datacenter,Runs on,Hosted on (parent),Kubernetes Node Pool,Logical Datacenter
ci-load-balancer-service,ci-tomcat,Routes to,Distributes (child),Load Balancer Service,Tomcat
ci-hardware-type,ci-aws-datacenter,Runs on,Hosted on (parent),Hardware Type,AWS Datacenter
ci-managed-ip-network-subnet,ci-allocated-ip-address,Contains,Members (parent),Managed IP Network Subnet,Allocated IP Address
ci-solaris-virtual-machine-instance,ci-solaris-server,Runs on,Instantiated by (child),Solaris Virtual Machine Instance,Solaris Server
ci-solaris-server,ci-network-adapter,Depends on,Owns (parent),Solaris Server,Network Adapter
ci-kubernetes-namespace,ci-kubernetes-pod,Contains,Contains (parent),Kubernetes Namespace,Kubernetes Pod
ci-virtual-machine-instance,ci-alibaba-datacenter,Runs on,Hosted on (parent),Virtual Machine Instance,Alibaba Datacenter
ci-computer,ci-graphics-processing-unit,Uses,Uses (child),Computer,Graphics Processing Unit
ci-storage-cluster-node,ci-storage-cluster,Contains,Cluster (child),Storage Cluster Node,Storage Cluster
ci-router-interface,ci-juniper-firewall-device,Uses,Used by (child),Router Interface,Juniper Firewall Device
ci-storage-pool,ci-storage-server,Contains,Contained by (child),Storage Pool,Storage Server
ci-kubernetes-service,ci-kubernetes-namespace,Contains,Contained by (child),Kubernetes Service,Kubernetes Namespace
ci-resource-group,ci-nat-gateway,Contains,Contains (parent),Resource Group,NAT Gateway
ci-network-topology,ci-physical-connection,Contains,Members (parent),Network Topology,Physical connection
ci-network-adapter,ci-hyper-v-server,Depends on,Owned by (child),Network Adapter,Hyper-V Server
ci-kafka-cluster-node,ci-kafka-broker,Connects to,Connects to (parent),Kafka Cluster Node,Kafka Broker
ci-aws-cloud-ecs-service,ci-aws-datacenter,Runs on,Hosted on (parent),AWS Cloud ECS Service,AWS Datacenter
ci-network-adapter,ci-cisco-firewall-device,Depends on,Owned by (child),Network Adapter,Cisco Firewall Device
ci-aws-cloud-ecs-task,ci-aws-cloud-ecs-taskdefinition,Uses,Uses (parent),AWS Cloud ECS Task,AWS Cloud ECS TaskDefinition
ci-resource-group,ci-cloud-image,Contains,Contains (parent),Resource Group,Cloud Image
ci-logical-datacenter,ci-kafka-cluster,Runs on,Hosted on (parent),Logical Datacenter,Kafka Cluster
ci-switch-forwarding-rule,ci-ip-router,Contains,Contained by (child),Switch Forwarding Rule,IP Router
ci-switchport,ci-ip-switch,Contains,Contained by (child),Switchport,IP Switch
ci-alibaba-datacenter,ci-cloud-image,Contains,Hosts (child),Alibaba Datacenter,Cloud Image
ci-storage-node-element,ci-storage-cluster-node,Contains,Hosts (child),Storage Node Element,Storage Cluster Node
ci-virtual-machine-instance,ci-windows-server,Runs on,Virtualizes (child),Virtual Machine Instance,Windows Server
ci-avi-controller-cluster,ci-avi-controller,Contains,Cluster of (parent),AVI Controller Cluster,AVI Controller
ci-storage-volume-snapshot,ci-availability-zone,Contains,Located in Zone (parent),Storage Volume Snapshot,Availability Zone
ci-hardware,ci-ot-system-service,Uses,Used by (child),Hardware,OT System Service
ci-google-datacenter,ci-hardware-type,Contains,Hosts (child),Google Datacenter,Hardware Type
ci-radware-load-balancer,ci-network-adapter,Depends on,Owns (parent),Radware Load Balancer,Network Adapter
ci-cloud-subnet,ci-route-table-endpoint,Connects to,Use End Point To (parent),Cloud Subnet,Route Table Endpoint
ci-f5-big-ip,ci-network-adapter,Depends on,Owns (parent),F5 BIG-IP,Network Adapter
ci-cohesity-node,ci-ip-address,Depends on,Owns (parent),Cohesity Node,IP Address
ci-ip-address,ci-cisco-firewall-device,Depends on,Owned by (child),IP Address,Cisco Firewall Device
ci-ovirt-server,ci-ovirt-virtual-machine-instance,Runs on,Has registered (child),oVirt Server,oVirt Virtual Machine Instance
ci-windows-cluster-node,ci-windows-cluster,Contains,Member of (child),Windows Cluster Node,Windows Cluster
ci-vmware-vcenter-network,ci-vmware-virtual-machine-template,Connects to,Connects (child),VMware vCenter Network,VMware Virtual Machine Template
ci-isam-server,ci-network-adapter,Depends on,Owns (parent),ISAM Server,Network Adapter
ci-f5-big-ip,ci-unique-certificate,Uses,Uses (parent),F5 BIG-IP,Unique Certificate
ci-alibaba-datacenter,ci-virtual-machine-instance,Contains,Hosts (child),Alibaba Datacenter,Virtual Machine Instance
ci-firewall-manager,ci-firewall-security-policy,Contains,Contains (parent),Firewall Manager,Firewall Security Policy
ci-virtual-network-gateway-connection,ci-resource-group,Contains,Contained by (child),Virtual Network Gateway Connection,Resource Group
ci-edge-application,ci-kubernetes-cluster,Runs on,Runs (child),Edge Application,Kubernetes Cluster
ci-storage-server,ci-pure-storage-file-share,Uses,Provides (child),Storage Server,Pure Storage File Share
ci-ibm-zos-server,ci-ip-address,Depends on,Owns (parent),IBM zOS server,IP Address
ci-file-system,ci-ibm-zos-server,Contains,Contained by (child),File System,IBM zOS server
ci-hyper-v-server,ci-computer,Runs on,Virtualizes (child),Hyper-V Server,Computer
ci-windows-server,ci-nas-file-system,Contains,Contains (parent),Windows Server,NAS File System
ci-kubernetes-namespace,ci-kubernetes-replicaset,Contains,Contains (parent),Kubernetes Namespace,Kubernetes ReplicaSet
ci-google-datacenter,ci-load-balancer-pool,Contains,Hosts (child),Google Datacenter,Load Balancer Pool
ci-kubernetes-cluster,ci-kubernetes-daemonset,Contains,Hosts (child),Kubernetes Cluster,Kubernetes DaemonSet
ci-cloud-public-ip-address,ci-google-datacenter,Runs on,Hosted on (parent),Cloud Public IP Address,Google Datacenter
ci-chassis,ci-disk-shelf-chassis,Contains,Hosts (child),Chassis,Disk Shelf Chassis
ci-oracle-weblogic,ci-oracle-weblogic,Uses,Used by (child),Oracle WebLogic,Oracle WebLogic
ci-virtual-machine-instance,ci-linux-server,Runs on,Virtualizes (child),Virtual Machine Instance,Linux Server
ci-msft-sql-instance,ci-tomcat,Uses,Used by (child),MSFT SQL Instance,Tomcat
ci-citrix-netscaler,ci-network-adapter,Depends on,Owns (parent),Citrix Netscaler,Network Adapter
ci-ovirt-virtual-machine-instance,ci-ovirt-cluster,Runs on,Hosted on (parent),oVirt Virtual Machine Instance,oVirt Cluster
ci-router-interface,ci-aix-server,Uses,Used by (child),Router Interface,AIX Server
ci-vmware-vcenter-folder,ci-vmware-vcenter-folder,Contains,Contained by (child),VMware vCenter Folder,VMware vCenter Folder
ci-aws-cloud-ecs-task,ci-aws-cloud-ecs-cluster,Runs on,Runs on (parent),AWS Cloud ECS Task,AWS Cloud ECS Cluster
ci-network-adapter,ci-a10-load-balancer,Depends on,Owned by (child),Network Adapter,A10 Load Balancer
ci-allocated-ip-address,ci-ip-address,Depends on,Manages (child),Allocated IP Address,IP Address
ci-dns-name,ci-ip-address,Uses,Uses (parent),DNS Name,IP Address
ci-aws-datacenter,ci-network-acl,Contains,Hosts (child),AWS Datacenter,Network ACL
ci-unique-certificate,ci-application,Uses,Used by (child),Unique Certificate,Application
ci-storage-controller,ci-storage-server,Depends on,Controller for (parent),Storage Controller,Storage Server
ci-azure-datacenter,ci-cloud-hardware-type,Contains,Hosts (child),Azure Datacenter,Cloud Hardware Type
ci-package,ci-solaris-server,Depends on,Owned by (child),Package,Solaris Server
ci-deployed-marketplace-product,ci-resource-group,Contains,Contained by (child),Deployed Marketplace Product,Resource Group
ci-storage-volume-snapshot,ci-ibm-datacenter,Runs on,Hosted on (parent),Storage Volume Snapshot,IBM Datacenter
ci-ovirt-cluster,ci-ovirt-server,Contains,Members (parent),oVirt Cluster,oVirt Server
ci-ip-address,ci-network-adapter,Depends on,Owned by (child),IP Address,Network Adapter
ci-opc-client,ci-ot-supervisory-system,Connects to,Connected by (child),OPC Client,OT Supervisory System
ci-openstack-datacenter,ci-virtual-machine-instance,Contains,Hosts (child),Openstack Datacenter,Virtual Machine Instance
ci-storage-hba,ci-solaris-server,Depends on,Owned by (child),Storage HBA,Solaris Server
ci-switchport,ci-switch-partition,Runs on,Runs (child),Switchport,Switch Partition
ci-industrial-sensor,ci-ot-control-module,Depends on,Owned by (child),Industrial Sensor,OT Control Module
ci-storage-hba,ci-hyper-v-server,Depends on,Owned by (child),Storage HBA,Hyper-V Server
ci-load-balancer-service,ci-load-balancer-pool,Uses,Uses (parent),Load Balancer Service,Load Balancer Pool
ci-vmware-vcenter-cluster,ci-esx-server,Contains,Members (parent),VMware vCenter Cluster,ESX Server
ci-vmware-vcenter-datastore,ci-datastore-disk,Uses,Provided By (parent),VMware vCenter Datastore,Datastore Disk
ci-linux-server,ci-fibre-channel-port,Depends on,Owns (parent),Linux Server,Fibre Channel Port
ci-sdwan-port,ci-network-circuit,Connects to,Connects to (parent),SDWAN Port,Network Circuit
ci-f5-big-ip,ci-load-balancer-interface,Depends on,Owns (parent),F5 BIG-IP,Load Balancer Interface
ci-ip-switch,ci-switchport,Contains,Contains (parent),IP Switch,Switchport
ci-cloud-service-account,ci-kubernetes-cluster-role,Contains,Hosts (child),Cloud Service Account,Kubernetes Cluster Role
ci-aix-server,ci-patch,Depends on,Owns (parent),AIX Server,Patch
ci-a10-load-balancer-partition,ci-a10-load-balancer,Contains,Contained by (child),A10 Load Balancer Partition,A10 Load Balancer
ci-disk-partition,ci-linux-server,Contains,Contained by (child),Disk Partition,Linux Server
ci-aws-datacenter,ci-aws-cloud-ecs-service,Contains,Hosts (child),AWS Datacenter,AWS Cloud ECS Service
ci-storage-volume,ci-google-datacenter,Runs on,Hosted on (parent),Storage Volume,Google Datacenter
ci-ip-switch,ci-f5-big-ip,Connects to,IP Connection (child),IP Switch,F5 BIG-IP
ci-virtual-private-gateway,ci-aws-datacenter,Runs on,Hosted on (parent),Virtual Private Gateway,AWS Datacenter
ci-cloud-service-account,ci-kubernetes-service,Contains,Hosts (child),Cloud Service Account,Kubernetes Service
ci-ip-address,ci-ace,Depends on,Owned by (child),IP Address,ACE
ci-business-process,ci-business-process-activity,Uses,Uses (parent),Business Process,Business Process Activity
ci-application,ci-unix-server,Runs on,Runs on (parent),Application,UNIX Server
ci-ip-address,ci-hpux-server,Depends on,Owned by (child),IP Address,HPUX Server
ci-docker-container,ci-linux-server,Runs on,Runs on (parent),Docker Container,Linux Server
ci-ip-address,ci-data-power-hosting-server,Depends on,Owns (parent),IP Address,Data Power Hosting Server
ci-tomcat,ci-load-balancer-service,Routes to,Distributed by (parent),Tomcat,Load Balancer Service
ci-vmware-vcenter-datacenter,ci-vmware-vcenter-network,Contains,Contains (parent),VMware vCenter Datacenter,VMware vCenter Network
ci-disk-shelf-chassis,ci-chassis,Runs on,Hosted on (parent),Disk Shelf Chassis,Chassis
ci-f5-big-ip,ci-cluster-node,Contains,Hosts (child),F5 BIG-IP,Cluster Node
ci-kubernetes-pod,ci-kubernetes-service,Contains,Cluster (child),Kubernetes Pod,Kubernetes Service
ci-virtual-network-gateway-connection,ci-virtual-private-gateway,Connects to,Connects (child),Virtual Network Gateway Connection,Virtual Private Gateway
ci-service,ci-linux-server,Depends on,Depends on (parent),Service,Linux Server
ci-cloud-load-balancer,ci-compute-security-group,Contains,Contains (parent),Cloud Load Balancer,Compute Security Group
ci-network-topology,ci-network-site,Connects to,Connected by (parent),Network Topology,Network Site
ci-router-interface,ci-cisco-firewall-device,Uses,Used by (child),Router Interface,Cisco Firewall Device
ci-ibm-datacenter,ci-cloud-load-balancer,Contains,Hosts (child),IBM Datacenter,Cloud Load Balancer
ci-storage-server,ci-ip-address,Depends on,Owns (parent),Storage Server,IP Address
ci-cloud-service-account,ci-kubernetes-pod,Contains,Hosts (child),Cloud Service Account,Kubernetes Pod
ci-network-topology,ci-logical-connection,Contains,Members (parent),Network Topology,Logical connection
ci-wireless-access-point,ci-ip-switch,Depends on,Controlled by (child),Wireless Access Point,IP Switch
ci-oracle-pdb-instance,ci-oracle-instance,Depends on,Managed by (parent),Oracle PDB Instance,Oracle Instance
ci-kafka-consumer-group,ci-kafka-consumer,Depends on,parent:e819fdffc7616010dc4b677703c26038,Kafka Consumer Group,Kafka Consumer
ci-ot-control-module,ci-industrial-drive,Depends on,Owns (parent),OT Control Module,Industrial Drive
ci-linux-server,ci-exit-interface-routing-rule,Uses,Uses (parent),Linux Server,Exit Interface Routing Rule
ci-dcs,ci-dpu,Connects to,Connects to (parent),DCS,DPU
ci-web-application,ci-ibm-websphere-as,Contains,Contained by (child),Web Application,IBM WebSphere AS
ci-windows-server,ci-router-interface,Uses,Uses (child),Windows Server,Router Interface
ci-kafka-consumer,ci-kafka-consumer-group,Depends on,child:e819fdffc7616010dc4b677703c26038,Kafka Consumer,Kafka Consumer Group
ci-virtual-private-gateway-endpoint,ci-cloud-network,Connects to,Use End Point From (child),Virtual Private Gateway Endpoint,Cloud Network
ci-google-datacenter,ci-cloud-hardware-type,Contains,Hosts (child),Google Datacenter,Cloud Hardware Type
ci-azure-datacenter,ci-cloud-service-account,Runs on,Hosted on (parent),Azure Datacenter,Cloud Service Account
ci-disk,ci-linux-server,Contains,Contained by (child),Disk,Linux Server
ci-fibre-channel-port,ci-linux-server,Depends on,Owned by (child),Fibre Channel Port,Linux Server
ci-unique-certificate,ci-f5-big-ip,Uses,Used by (child),Unique Certificate,F5 BIG-IP
ci-historian,ci-opc-client,Connects to,Connects to (parent),Historian,OPC Client
ci-cluster-virtual-ip,ci-windows-cluster,Runs on,Virtualizes (child),Cluster Virtual IP,Windows Cluster
ci-file-system,ci-windows-server,Contains,Contained by (child),File System,Windows Server
ci-disk,ci-computer,Contains,Contained by (child),Disk,Computer
ci-hyper-v-server,ci-hyper-v-resource-pool,Contains,Contained by (child),Hyper-V Server,Hyper-V Resource Pool
ci-storage-server,ci-storage-volume,Contains,Contains (parent),Storage Server,Storage Volume
ci-cloud-image,ci-azure-datacenter,Runs on,Hosted on (parent),Cloud Image,Azure Datacenter
ci-image,ci-instance-template,Uses,Used by (child),Image,Instance template
ci-vmware-virtual-machine-template,ci-vmware-vcenter-folder,Contains,Contained by (child),VMware Virtual Machine Template,VMware vCenter Folder
ci-iscsi-disk,ci-nas-file-system,Uses,Provided by (child),iSCSI Disk,NAS File System
ci-hyper-v-virtual-network,ci-hyper-v-virtual-machine-instance,Connects to,Connects (child),Hyper-V Virtual Network,Hyper-V Virtual Machine Instance
ci-virtual-machine-instance,ci-storage-server,Runs on,Virtualizes (child),Virtual Machine Instance,Storage Server
ci-oracle-database-listener,ci-oracle-instance,Depends on,Depends on (parent),Oracle Database Listener,Oracle Instance
ci-resource-group,ci-cloud-mgmt-network-interface,Contains,Contains (parent),Resource Group,Cloud Mgmt Network Interface
ci-linux-server,ci-ip-switch,Connects to,IP Connection (parent),Linux Server,IP Switch
ci-vmware-vcenter-datacenter,ci-vmware-vcenter-folder,Contains,Contains (parent),VMware vCenter Datacenter,VMware vCenter Folder
ci-cluster-virtual-ip,ci-unix-cluster,Runs on,Virtualizes (child),Cluster Virtual IP,UNIX Cluster
ci-windows-server,ci-storage-device,Contains,Contains (parent),Windows Server,Storage Device
ci-cloud-service-account,ci-openstack-domain,Depends on,Owned by (child),Cloud Service Account,OpenStack Domain
ci-cassandra-cluster,ci-cassandra-cluster-node,Contains,Cluster (child),Cassandra Cluster,Cassandra Cluster Node
ci-computer,ci-ip-address,Depends on,Owns (parent),Computer,IP Address
ci-storage-volume-snapshot,ci-openstack-datacenter,Runs on,Hosted on (parent),Storage Volume Snapshot,Openstack Datacenter
ci-cloud-service-account,ci-kubernetes-deployment,Contains,Hosts (child),Cloud Service Account,Kubernetes Deployment
ci-computer,ci-esx-server,Runs on,Virtualizes (child),Computer,ESX Server
ci-site,ci-video-management-system,Contains,Contains (parent),Site,Video Management System
ci-ip-address,ci-computer,Depends on,Owned by (child),IP Address,Computer
ci-kubernetes-cluster,ci-kubernetes-node-pool,Uses,Used by (parent),Kubernetes Cluster,Kubernetes Node Pool
ci-cassandra-instance,ci-cassandra-cluster-node,Runs on,Hosted on (parent),Cassandra Instance,Cassandra Cluster Node
ci-hyper-v-server,ci-network-adapter,Depends on,Owns (parent),Hyper-V Server,Network Adapter
ci-solaris-server,ci-storage-hba,Depends on,Owns (parent),Solaris Server,Storage HBA
ci-computer,ci-file-system,Contains,Contains (parent),Computer,File System
ci-hyper-v-server,ci-disk-partition,Contains,Contains (parent),Hyper-V Server,Disk Partition
ci-ip-switch,ci-switch-partition,Contains,Contains (parent),IP Switch,Switch Partition
ci-google-datacenter,ci-cloud-public-ip-address,Contains,Hosts (child),Google Datacenter,Cloud Public IP Address
ci-hardware-type,ci-google-datacenter,Runs on,Hosted on (parent),Hardware Type,Google Datacenter
ci-nginx-load-balancer,ci-nginx-web-server,Uses,Provided by (child),Nginx Load Balancer,Nginx Web Server
ci-service,ci-windows-server,Depends on,Depends on (parent),Service,Windows Server
ci-google-organization-folder,ci-cmdb-ci-cloud-org,Contains,Contained by (child),Google Organization Folder,cmdb_ci_cloud_org
ci-cmdb-ci-cloud-org,ci-google-organization-project,Contains,Contains (parent),cmdb_ci_cloud_org,Google Organization Project
ci-resource-group,ci-compute-security-group,Contains,Contains (parent),Resource Group,Compute Security Group
ci-linux-server,ci-virtual-machine-instance,Runs on,Virtualized by (parent),Linux Server,Virtual Machine Instance
ci-edge-application,ci-ip-camera,Uses,Used by (child),Edge Application,IP Camera
ci-vmware-vcenter-datastore,ci-vmware-virtual-machine-instance,Uses,Provides storage for (parent),VMware vCenter Datastore,VMware Virtual Machine Instance
ci-tomcat,ci-msft-sql-instance,Depends on,Depends on (parent),Tomcat,MSFT SQL Instance
ci-load-balancer-vlan,ci-load-balancer-interface,Uses,Uses (parent),Load Balancer VLAN,Load Balancer Interface
ci-instance-template,ci-hardware-type,Uses,Uses (parent),Instance template,Hardware Type
ci-ews,ci-plc,Connects to,Connects to (parent),EWS,PLC
ci-f5-big-ip,ci-load-balancer-service,Runs on,Runs (child),F5 BIG-IP,Load Balancer Service
ci-google-organization-project,ci-google-organization-folder,Contains,Contained by (child),Google Organization Project,Google Organization Folder
ci-windows-server,ci-memory-module,Contains,Contains (parent),Windows Server,Memory Module
ci-storage-server,ci-storage-controller,Depends on,Controlled by (child),Storage Server,Storage Controller
ci-ip-switch,ci-ip-address,Depends on,Owns (parent),IP Switch,IP Address
ci-hyper-v-server,ci-software,Runs on,Runs (child),Hyper-V Server,Software
ci-cloud-storage-account,ci-resource-group,Contains,Contained by (child),Cloud Storage Account,Resource Group
ci-storage-node-element,ci-storage-pool,Contains,Hosts (child),Storage Node Element,Storage Pool
ci-storage-device,ci-storage-server,Contains,Contained by (child),Storage Device,Storage Server
ci-fibre-channel-export,ci-storage-server,Runs on,Hosted on (parent),Fibre Channel Export,Storage Server
ci-ip-switch,ci-windows-server,Connects to,IP Connection (child),IP Switch,Windows Server
ci-storage-device,ci-file-system,Uses,Provided by (child),Storage Device,File System
ci-cloud-service-account,ci-openstack-datacenter,Contains,Hosts (child),Cloud Service Account,Openstack Datacenter
ci-ip-router,ci-router-interface,Uses,Uses (parent),IP Router,Router Interface
ci-aws-cloud-ecs-task,ci-aws-datacenter,Runs on,Hosted on (parent),AWS Cloud ECS Task,AWS Datacenter
ci-f5-big-ip,ci-ip-switch,Connects to,IP Connection (parent),F5 BIG-IP,IP Switch
ci-router-interface,ci-exit-interface-routing-rule,Depends on,Owns (parent),Router Interface,Exit Interface Routing Rule
ci-network-adapter,ci-ip-address,Depends on,Owns (parent),Network Adapter,IP Address
ci-vmware-virtual-machine-instance,ci-vmware-vcenter-network,Connects to,Connected by (parent),VMware Virtual Machine Instance,VMware vCenter Network
ci-cisco-ucs-chassis,ci-cisco-ucs-blade,Contains,Contains (parent),Cisco UCS Chassis,Cisco UCS Blade
ci-vmware-vcenter-datacenter,ci-vmware-vcenter-datastore,Contains,Contains (parent),VMware vCenter Datacenter,VMware vCenter Datastore
ci-firewall-device,ci-firewall-security-policy,Contains,Contains (parent),Firewall Device,Firewall Security Policy
ci-hyper-v-server,ci-hyper-v-virtual-machine-instance,Runs on,Has registered (child),Hyper-V Server,Hyper-V Virtual Machine Instance
ci-network-adapter,ci-fortinet-firewall-device,Depends on,Owned by (child),Network Adapter,Fortinet Firewall Device
ci-internet-gateway,ci-aws-datacenter,Runs on,Hosted on (parent),Internet Gateway,AWS Datacenter
ci-alteon,ci-load-balancer-pool,Depends on,Owns (parent),Alteon,Load Balancer Pool
ci-linux-server,ci-kubernetes-pod,Contains,Contains (parent),Linux Server,Kubernetes Pod
ci-aix-server,ci-router-interface,Uses,Uses (parent),AIX Server,Router Interface
ci-hardware-type,ci-cloud-database,Uses,Provisioned (child),Hardware Type,Cloud DataBase
ci-load-balancer-vlan,ci-load-balancer-service,Uses,Used by (child),Load Balancer VLAN,Load Balancer Service
ci-esx-server,ci-vmware-virtual-machine-template,Runs on,Has registered (child),ESX Server,VMware Virtual Machine Template
ci-esx-server,ci-computer,Runs on,Virtualizes (child),ESX Server,Computer
ci-windows-cluster-node,ci-cluster-virtual-ip,Uses,Uses (parent),Windows Cluster Node,Cluster Virtual IP
ci-information-object,ci-exchange-mailbox,Depends on,Depends on (parent),Information Object,Exchange MailBox
ci-cloud-image,ci-instance-template,Uses,Used by (child),Cloud Image,Instance template
ci-load-balancer-pool,ci-load-balancer-pool-member,Contains,Members (parent),Load Balancer Pool,Load Balancer Pool Member
ci-cluster-node,ci-server,Runs on,Hosted on (parent),Cluster Node,Server
ci-vmware-vcenter-folder,ci-vmware-virtual-machine-instance,Contains,Contains (parent),VMware vCenter Folder,VMware Virtual Machine Instance
ci-oracle-weblogic,ci-oracle-weblogic,Depends on,Depends on (parent),Oracle WebLogic,Oracle WebLogic
ci-load-balancer-pool,ci-a10-load-balancer,Depends on,Owned by (child),Load Balancer Pool,A10 Load Balancer
ci-ot-control-system,ci-opc-server,Connects to,Connected by (child),OT Control System,OPC Server
ci-plc,ci-ot-control-module,Depends on,Owns (parent),PLC,OT Control Module
ci-cloud-resource,ci-google-datacenter,Runs on,Hosted on (parent),Cloud Resource,Google Datacenter
ci-cisco-ucs-blade,ci-server,Runs on,Runs on (parent),Cisco UCS Blade,Server
ci-lvm-pool,ci-linux-server,Contains,Contained by (child),LVM Pool,Linux Server
ci-disk-partition,ci-file-system,Uses,Provides (child),Disk Partition,File System
ci-web-application,ci-jboss,Contains,Contained by (child),Web Application,JBoss
ci-ip-switch,ci-a10-load-balancer,Connects to,IP Connection (child),IP Switch,A10 Load Balancer
ci-file-system,ci-iscsi-disk,Uses,Provided by (child),File System,iSCSI Disk
ci-vpn-connection,ci-customer-gateway,Contains,Contained by (child),VPN Connection,Customer Gateway
ci-f5-big-ip,ci-ip-address,Depends on,Owns (parent),F5 BIG-IP,IP Address
ci-vmware-virtual-machine-instance,ci-windows-server,Runs on,Instantiates (parent),VMware Virtual Machine Instance,Windows Server
ci-virtual-machine-instance,ci-availability-zone,Contains,Located in (parent),Virtual Machine Instance,Availability Zone
ci-cloudfoundry-space,ci-cloudfoundry-space-service-instance,Uses,Uses (parent),CloudFoundry Space,CloudFoundry Space Service Instance
ci-cloud-mgmt-network-interface,ci-vnic-endpoint,Connects to,Implement End Point From (child),Cloud Mgmt Network Interface,VNIC Endpoint
ci-server,ci-cisco-ucs-rack-mount-unit,Runs on,Runs (child),Server,Cisco UCS Rack Mount Unit
ci-network-adapter,ci-isam-server,Depends on,Owned by (child),Network Adapter,ISAM Server
ci-disk-shelf-chassis,ci-disk,Contains,Hosts (child),Disk Shelf Chassis,Disk
ci-storage-controller,ci-fibre-channel-port,Depends on,Controller for (parent),Storage Controller,Fibre Channel Port
ci-load-balancer-service,ci-alteon,Runs on,Runs on (parent),Load Balancer Service,Alteon
ci-linux-server,ci-memory-module,Contains,Contains (parent),Linux Server,Memory Module
ci-storage-volume-snapshot,ci-storage-volume,Uses,Provisioned (child),Storage Volume Snapshot,Storage Volume
ci-docker-image,ci-docker-local-image,Runs on,Instantiated by (child),Docker Image,Docker Local Image
ci-cloud-mgmt-network-interface,ci-cloud-subnet,Contains,Contained by (child),Cloud Mgmt Network Interface,Cloud Subnet
ci-esx-server,ci-vmware-vcenter-network,Uses,Provides (child),ESX Server,VMware vCenter Network
ci-avi-controller-cluster,ci-avi-service-engine,Contains,Hosts (child),AVI Controller Cluster,AVI Service Engine
ci-cloud-image,ci-oci-datacenter,Runs on,Hosted on (parent),Cloud Image,OCI Datacenter
ci-kubernetes-node,ci-cloud-service-account,Runs on,Hosted on (parent),Kubernetes Node,Cloud Service Account
ci-cloudfoundry-route,ci-cloudfoundry-domain,Depends on,Depends on (parent),CloudFoundry Route,CloudFoundry Domain
ci-storage-volume,ci-storage-server,Contains,Contained by (child),Storage Volume,Storage Server
ci-ip-address,ci-citrix-netscaler,Depends on,Owned by (child),IP Address,Citrix Netscaler
ci-configuration-file,ci-information-object,Uses,Used by (child),Configuration file,Information Object
ci-hpux-server,ci-network-adapter,Depends on,Owns (parent),HPUX Server,Network Adapter
ci-sap-sid,ci-sap-ascs-application,Uses,Used by (child),SAP SID,SAP ASCS Application
ci-sap-di-application,ci-sap-sid,Uses,Uses (parent),SAP DI Application,SAP SID
ci-scada-server,ci-plc,Connects to,Connects to (parent),SCADA Server,PLC
ci-cloud-account-group,ci-azure-management-group,Contains,Contains (parent),Cloud Account Group,Azure Management Group
ci-storage-device,ci-storage-export,Uses,Imports from (child),Storage Device,Storage Export
ci-cloud-service-account,ci-ovirt-ldc,Contains,Hosts (child),Cloud Service Account,oVirt LDC
ci-ibm-cloud-space,ci-ibm-datacenter,Contains,Contained by (child),IBM Cloud Space,IBM Datacenter
ci-google-organization-project,ci-cmdb-ci-cloud-org,Contains,Contained by (child),Google Organization Project,cmdb_ci_cloud_org
ci-docker-container,ci-docker-image,Runs on,Instantiated by (child),Docker Container,Docker Image
ci-storage-volume,ci-storage-volume-snapshot,Depends on,Replicates to (parent),Storage Volume,Storage Volume Snapshot
ci-cloud-mgmt-network-interface,ci-aws-datacenter,Runs on,Hosted on (parent),Cloud Mgmt Network Interface,AWS Datacenter
ci-dpu,ci-ot-control-module,Depends on,Owns (parent),DPU,OT Control Module
ci-ace,ci-network-adapter,Depends on,Owns (parent),ACE,Network Adapter
ci-azure-management-group,ci-cloud-account-group,Contains,Contained by (child),Azure Management Group,Cloud Account Group
ci-ace,ci-load-balancer-pool,Depends on,Owns (parent),ACE,Load Balancer Pool
ci-router-interface,ci-radware-load-balancer,Uses,Used by (child),Router Interface,Radware Load Balancer
ci-cluster,ci-f5-big-ip,Runs on,Hosted on (parent),Cluster,F5 BIG-IP
ci-ip-switch,ci-next-hop-routing-rule,Uses,Uses (parent),IP Switch,Next Hop Routing Rule
ci-linux-server,ci-disk-partition,Contains,Contains (parent),Linux Server,Disk Partition
ci-windows-server,ci-disk-partition,Contains,Contains (parent),Windows Server,Disk Partition
ci-network-adapter,ci-palo-alto-firewall-device,Depends on,Owned by (child),Network Adapter,Palo Alto Firewall Device
ci-opc-server,ci-dcs,Connects to,Connects to (parent),OPC Server,DCS
ci-aix-server,ci-ibm-lpar-instance,Depends on,Owned by (child),AIX Server,IBM LPAR Instance
ci-patch,ci-solaris-server,Depends on,Owned by (child),Patch,Solaris Server
ci-disk,ci-storage-server,Contains,Contained by (child),Disk,Storage Server
ci-kafka-topic,ci-kafka-connect,Connects to,Connected by (child),Kafka Topic,Kafka Connect
ci-aix-server,ci-network-adapter,Depends on,Owns (parent),AIX Server,Network Adapter
ci-storage-node-element,ci-network-adapter,Depends on,Owns (parent),Storage Node Element,Network Adapter
ci-storage-file-share,ci-storage-server,Uses,Provided by (child),Storage File Share,Storage Server
ci-load-balancer-service,ci-ace,Runs on,Runs on (parent),Load Balancer Service,ACE
ci-server,ci-site,Contains,Contains (parent),Server,Site
ci-virtual-machine-instance,ci-vnic-endpoint,Connects to,Use End Point To (parent),Virtual Machine Instance,VNIC Endpoint
ci-sdwan-port,ci-sdwan-edge,Contains,Contained by (child),SDWAN Port,SDWAN Edge
ci-avi-service-engine,ci-avi-controller-cluster,Runs on,Hosted on (parent),AVI Service Engine,AVI Controller Cluster
ci-network-adapter,ci-data-power-hosting-server,Depends on,Owned by (child),Network Adapter,Data Power Hosting Server
ci-unix-cluster-node,ci-unix-cluster-resource,Depends on,Gets resources from (child),UNIX Cluster Node,UNIX Cluster Resource
ci-load-balancer-service,ci-computer,Routes to,Distributes (child),Load Balancer Service,Computer
ci-openstack-datacenter,ci-cloud-service-account,Runs on,Hosted on (parent),Openstack Datacenter,Cloud Service Account
ci-aws-datacenter,ci-aws-cloud-ecs-task,Contains,Hosts (child),AWS Datacenter,AWS Cloud ECS Task
ci-plc,ci-opc-server,Connects to,Connected by (child),PLC,OPC Server
ci-database,ci-hardware-type,Uses,Provisioned From (parent),Database,Hardware Type
ci-f5-big-ip,ci-load-balancer-vlan,Depends on,Owns (parent),F5 BIG-IP,Load Balancer VLAN
ci-tracked-configuration-file,ci-kubernetes-statefulset,Contains,Contained by (child),Tracked Configuration file,Kubernetes StatefulSet
ci-kubernetes-daemonset,ci-tracked-configuration-file,Contains,Contains (parent),Kubernetes DaemonSet,Tracked Configuration file
ci-aws-datacenter,ci-cloud-service-account,Runs on,Hosted on (parent),AWS Datacenter,Cloud Service Account
ci-memory-module,ci-windows-server,Contains,Contained by (child),Memory Module,Windows Server
ci-linux-server,ci-storage-device,Contains,Contains (parent),Linux Server,Storage Device
ci-cloud-network,ci-nat-endpoint,Connects to,Use End Point To (parent),Cloud Network,NAT Endpoint
ci-business-process-activity,ci-information-object,Uses,Uses (parent),Business Process Activity,Information Object
ci-nfs-endpoint,ci-virtual-machine-instance,Connects to,Use End Point From (child),NFS Endpoint,Virtual Machine Instance
ci-business-application,ci-information-object,Uses,Uses (parent),Business Application,Information Object
ci-router-interface,ci-ip-switch,Uses,Used by (child),Router Interface,IP Switch
ci-router-interface,ci-hpux-server,Uses,Used by (child),Router Interface,HPUX Server
ci-cluster-resource-group,ci-unix-cluster-node,Contains,Contained by (child),Cluster Resource Group,UNIX Cluster Node
ci-unix-cluster,ci-cluster-resource-group,Contains,Contains (parent),UNIX Cluster,Cluster Resource Group
ci-plc,ci-hmi,Connects to,Connected by (child),PLC,HMI
ci-virtual-machine-instance,ci-cloud-image,Uses,Provisioned From (parent),Virtual Machine Instance,Cloud Image
ci-vnic-endpoint,ci-cloud-mgmt-network-interface,Connects to,Implement End Point To (parent),VNIC Endpoint,Cloud Mgmt Network Interface
ci-oracle-instance,ci-oracle-database-listener,Uses,Used by (child),Oracle Instance,Oracle Database Listener
ci-disk-partition,ci-windows-server,Contains,Contained by (child),Disk Partition,Windows Server
ci-virtual-machine-instance,ci-compute-security-endpoint,Connects to,Use End Point To (parent),Virtual Machine Instance,Compute Security Endpoint
ci-google-datacenter,ci-cloud-service-account,Runs on,Hosted on (parent),Google Datacenter,Cloud Service Account
ci-allocated-ip-address,ci-managed-ip-network-subnet,Contains,Member of (child),Allocated IP Address,Managed IP Network Subnet
ci-esx-server,ci-windows-server,Runs on,Virtualized by (parent),ESX Server,Windows Server
ci-server,ci-cassandra-cluster-node,Contains,Hosts (child),Server,Cassandra Cluster Node
ci-image,ci-virtual-machine-instance,Uses,Provisioned (child),Image,Virtual Machine Instance
ci-storage-pool,ci-file-system,Uses,Provides (child),Storage Pool,File System
ci-solaris-server,ci-nas-file-system,Contains,Contains (parent),Solaris Server,NAS File System
ci-network-topology,ci-network-topology,Contains,Members (parent),Network Topology,Network Topology
ci-rtu,ci-plc,Connects to,Connects to (parent),RTU,PLC
ci-cloudfoundry-domain,ci-cloudfoundry-organization,Depends on,Owned by (child),CloudFoundry Domain,CloudFoundry Organization
ci-load-balancer-service,ci-avi-service-engine,Uses,Uses (parent),Load Balancer Service,AVI Service Engine
ci-cloud-key-pair,ci-virtual-machine-instance,Uses,Used by (child),Cloud Key Pair,Virtual Machine Instance
ci-cloud-load-balancer,ci-openstack-datacenter,Runs on,Hosted on (parent),Cloud Load Balancer,Openstack Datacenter
ci-storage-server,ci-storage-file-share,Uses,Provides (parent),Storage Server,Storage File Share
ci-cassandra-cluster-node,ci-cassandra-cluster,Contains,Cluster of (parent),Cassandra Cluster Node,Cassandra Cluster
ci-load-balancer-vlan,ci-f5-big-ip,Depends on,Owned by (child),Load Balancer VLAN,F5 BIG-IP
ci-information-object,ci-database-catalog,Depends on,Depends on (parent),Information Object,Database Catalog
ci-computer,ci-computer,Uses,Used by (child),Computer,Computer
ci-aws-datacenter,ci-aws-kinesis,Contains,Hosts (child),AWS Datacenter,AWS Kinesis
ci-disk-partition,ci-solaris-server,Contains,Contained by (child),Disk Partition,Solaris Server
ci-citrix-netscaler,ci-load-balancer-interface,Depends on,Owns (parent),Citrix Netscaler,Load Balancer Interface
ci-virtual-machine-instance,ci-openstack-datacenter,Runs on,Hosted on (parent),Virtual Machine Instance,Openstack Datacenter
ci-ip-address,ci-ibm-zos-server,Depends on,Owned by (child),IP Address,IBM zOS server
ci-router-interface,ci-fortinet-firewall-device,Uses,Used by (child),Router Interface,Fortinet Firewall Device
ci-kafka-cluster,ci-logical-datacenter,Contains,Hosts (child),Kafka Cluster,Logical Datacenter
ci-cloud-subnet,ci-acl-endpoint,Connects to,Use End Point To (parent),Cloud Subnet,ACL Endpoint
ci-storage-volume,ci-availability-zone,Contains,Contained by (child),Storage Volume,Availability Zone
ci-linux-server,ci-kubernetes-node,Contains,Hosts (child),Linux Server,Kubernetes Node
ci-unix-cluster,ci-unix-cluster-node,Contains,Cluster (child),UNIX Cluster,UNIX Cluster Node
ci-load-balancer-pool,ci-alteon,Depends on,Owned by (child),Load Balancer Pool,Alteon
ci-storage-device,ci-hyper-v-server,Contains,Contained by (child),Storage Device,Hyper-V Server
ci-nas-file-system,ci-linux-server,Contains,Contained by (child),NAS File System,Linux Server
ci-kafka-broker,ci-kafka-cluster-node,Connects to,Connected by (child),Kafka Broker,Kafka Cluster Node
ci-historian,ci-scada-server,Connects to,Connects to (parent),Historian,SCADA Server
ci-ovirt-ldc,ci-cloud-service-account,Runs on,Hosted on (parent),oVirt LDC,Cloud Service Account
ci-router-interface,ci-hyper-v-server,Uses,Used by (child),Router Interface,Hyper-V Server
ci-api-backend,ci-kong-load-balancer,Uses,Uses (parent),API Backend,Kong Load Balancer
ci-information-object,ci-business-process-activity,Uses,Used by (child),Information Object,Business Process Activity
ci-nutanix-cluster,ci-nutanix-host,Contains,Members (parent),Nutanix Cluster,Nutanix Host
ci-data-power-hosting-server,ci-ip-address,Depends on,Owned by (child),Data Power Hosting Server,IP Address
ci-linux-server,ci-iscsi-disk,Contains,Contains (parent),Linux Server,iSCSI Disk
ci-unix-cluster,ci-computer,Runs on,Hosted on (parent),UNIX Cluster,Computer
ci-load-balancer-interface,ci-citrix-netscaler,Depends on,Owned by (child),Load Balancer Interface,Citrix Netscaler
ci-hpux-server,ci-ip-address,Depends on,Owns (parent),HPUX Server,IP Address
ci-provider-device,ci-network-circuit,Connects to,Connected by (child),Provider Device,Network Circuit
ci-availability-zone,ci-virtual-machine-instance,Contains,Contains (parent),Availability Zone,Virtual Machine Instance
ci-cloud-image,ci-alibaba-datacenter,Runs on,Hosted on (parent),Cloud Image,Alibaba Datacenter
ci-ip-switch,ci-data-power-hosting-server,Connects to,IP Connection (child),IP Switch,Data Power Hosting Server
ci-network-topology,ci-hardware,Contains,Contains (parent),Network Topology,Hardware
ci-aws-datacenter,ci-virtual-machine-instance,Contains,Hosts (child),AWS Datacenter,Virtual Machine Instance
ci-fibre-channel-disk,ci-file-system,Uses,Provides (parent),Fibre Channel Disk,File System
ci-firewall-security-policy,ci-firewall-manager,Contains,Contained by (child),Firewall Security Policy,Firewall Manager
ci-ip-switch,ci-network-adapter,Depends on,Owns (parent),IP Switch,Network Adapter
ci-next-hop-routing-rule,ci-linux-server,Uses,Used by (child),Next Hop Routing Rule,Linux Server
ci-ibm-frame,ci-ibm-hmc-server,Depends on,Managed by (parent),IBM Frame,IBM HMC Server
ci-switch-forwarding-rule,ci-ip-switch,Contains,Contained by (child),Switch Forwarding Rule,IP Switch
ci-kubernetes-cluster-role,ci-logical-datacenter,Runs on,Hosted on (parent),Kubernetes Cluster Role,Logical Datacenter
ci-mssql-availability-group,ci-mssql-availability-group-replica,Contains,Cluster (child),MSSQL Availability Group,MSSQL Availability Group Replica
ci-cloud-load-balancer,ci-dns-name,Contains,Contains (parent),Cloud Load Balancer,DNS Name
ci-rtu,ci-ied,Connects to,Connects to (parent),RTU,IED
ci-cloud-account-group,ci-aws-organizational-unit,Contains,Contains (parent),Cloud Account Group,AWS Organizational Unit
ci-storage-server,ci-disk,Contains,Contains (parent),Storage Server,Disk
ci-exit-interface-routing-rule,ci-computer,Uses,Used by (child),Exit Interface Routing Rule,Computer
ci-dns-zone,ci-resource-group,Contains,Contained by (child),DNS Zone,Resource Group
ci-nsx-load-balancer,ci-load-balancer-service,Runs on,Runs (child),NSX Load Balancer,Load Balancer Service
ci-patch,ci-aix-server,Depends on,Owned by (child),Patch,AIX Server
ci-windows-server,ci-windows-cluster-node,Contains,Hosts (child),Windows Server,Windows Cluster Node
ci-cloud-network,ci-availability-zone,Contains,Contained by (child),Cloud Network,Availability Zone
ci-computer,ci-memory-module,Contains,Contains (parent),Computer,Memory Module
ci-subnet-endpoint,ci-virtual-machine-instance,Connects to,Use End Point From (child),Subnet Endpoint,Virtual Machine Instance
ci-resource-group,ci-dns-zone,Contains,Contains (parent),Resource Group,DNS Zone
ci-software,ci-hyper-v-server,Runs on,Runs on (parent),Software,Hyper-V Server
ci-resource-group,ci-cloud-public-ip-address,Contains,Contains (parent),Resource Group,Cloud Public IP Address
ci-solaris-server,ci-storage-pool,Contains,Contains (parent),Solaris Server,Storage Pool
ci-hyper-v-server,ci-router-interface,Uses,Uses (parent),Hyper-V Server,Router Interface
ci-instance-template,ci-cloud-hardware-type,Uses,Uses (parent),Instance template,Cloud Hardware Type
ci-load-balancer-service,ci-load-balancer-pool,Contains,Contains (parent),Load Balancer Service,Load Balancer Pool
ci-cloud-service-account,ci-google-datacenter,Contains,Hosts (child),Cloud Service Account,Google Datacenter
ci-load-balancer-pool,ci-google-datacenter,Runs on,Hosted on (parent),Load Balancer Pool,Google Datacenter
ci-ip-router,ci-network-adapter,Depends on,Owns (parent),IP Router,Network Adapter
ci-load-balancer-interface,ci-f5-big-ip,Depends on,Owned by (child),Load Balancer Interface,F5 BIG-IP
ci-compute-security-group,ci-cloud-load-balancer,Contains,Contained by (child),Compute Security Group,Cloud Load Balancer
ci-router-interface,ci-windows-server,Uses,Used by (child),Router Interface,Windows Server
ci-vmware-vcenter-datastore,ci-vmware-vcenter-datacenter,Contains,Contained by (child),VMware vCenter Datastore,VMware vCenter Datacenter
ci-load-balancer-pool-member,ci-load-balancer-pool,Contains,Member of (child),Load Balancer Pool Member,Load Balancer Pool
ci-storage-cluster,ci-storage-cluster-node,Contains,Cluster of (parent),Storage Cluster,Storage Cluster Node
ci-solaris-server,ci-zones,Runs on,Runs (child),Solaris Server,Zones
ci-fibre-channel-disk,ci-solaris-server,Contains,Contained by (child),Fibre Channel Disk,Solaris Server
ci-switchport,ci-switch-forwarding-rule,Routes to,Distributes (child),Switchport,Switch Forwarding Rule
ci-esx-server,ci-vmware-vcenter-datastore,Uses,Uses (child),ESX Server,VMware vCenter Datastore
ci-instance-scale-set,ci-resource-group,Contains,Contained by (child),Instance Scale Set,Resource Group
ci-dynamodb-global-table,ci-dynamodb-table,Contains,Cluster of (parent),DynamoDB Global Table,DynamoDB Table
ci-windows-cluster,ci-windows-server,Runs on,Hosted on (parent),Windows Cluster,Windows Server
ci-linux-server,ci-vmware-virtual-machine-instance,Runs on,Instantiates (parent),Linux Server,VMware Virtual Machine Instance
ci-oracle-instance,ci-oracle-database-listener,Depends on,Depends on (parent),Oracle Instance,Oracle Database Listener
ci-vmware-vcenter-datastore,ci-vmware-vcenter-folder,Contains,Contained by (child),VMware vCenter Datastore,VMware vCenter Folder
ci-storage-device,ci-linux-server,Contains,Contained by (child),Storage Device,Linux Server
ci-ovirt-ldc,ci-cloud-mgmt-network-interface,Contains,Hosts (child),oVirt LDC,Cloud Mgmt Network Interface
ci-linux-server,ci-kubernetes-cluster,Depends on,Managed by (parent),Linux Server,Kubernetes Cluster
ci-cloudfoundry-application,ci-cloudfoundry-space-service-instance,Uses,Uses (parent),CloudFoundry Application,CloudFoundry Space Service Instance
ci-aws-datacenter,ci-compute-security-group,Contains,Hosts (child),AWS Datacenter,Compute Security Group
ci-iscsi-disk,ci-solaris-server,Contains,Contained by (child),iSCSI Disk,Solaris Server
ci-cloudfoundry-route,ci-cloudfoundry-space,Connects to,Implement End Point To (parent),CloudFoundry Route,CloudFoundry Space
ci-storage-file-share,ci-storage-volume,Contains,Allocated from (child),Storage File Share,Storage Volume
ci-docker-container,ci-aws-datacenter,Runs on,Hosted on (parent),Docker Container,AWS Datacenter
ci-ip-router,ci-switch-forwarding-rule,Contains,Contains (parent),IP Router,Switch Forwarding Rule
ci-fibre-channel-port,ci-storage-server,Depends on,Owned by (child),Fibre Channel Port,Storage Server
ci-server,ci-cluster-node,Contains,Hosts (child),Server,Cluster Node
ci-network-adapter,ci-alteon,Depends on,Owned by (child),Network Adapter,Alteon
ci-ip-address,ci-windows-server,Depends on,Owned by (child),IP Address,Windows Server
ci-hyper-v-virtual-network-component,ci-hyper-v-server,Uses,Provides (parent),Hyper-V Virtual Network Component,Hyper-V Server
ci-linux-server,ci-file-system,Contains,Contains (parent),Linux Server,File System
ci-cloud-direct-connect,ci-resource-group,Contains,Contained by (child),Cloud Direct Connect,Resource Group
ci-ip-router,ci-ip-address,Depends on,Owns (parent),IP Router,IP Address
ci-windows-cluster-node,ci-windows-cluster-resource,Depends on,Gets resources from (child),Windows Cluster Node,Windows Cluster Resource
ci-linux-server,ci-ip-address,Depends on,Owns (parent),Linux Server,IP Address
ci-cohesity-node,ci-chassis,Runs on,Hosted on (parent),Cohesity Node,Chassis
ci-file-system,ci-disk,Uses,Provides (parent),File System,Disk
ci-hyper-v-cluster,ci-hyper-v-server,Contains,Members (parent),Hyper-V Cluster,Hyper-V Server
ci-kafka-zoo-keeper,ci-kafka-cluster,Depends on,parent:e819fdffc7616010dc4b677703c26038,Kafka Zoo Keeper,Kafka Cluster
ci-hyper-v-virtual-network,ci-hyper-v-server,Uses,Provides (parent),Hyper-V Virtual Network,Hyper-V Server
ci-unique-certificate,ci-configuration-item,Uses,Uses (child),Unique Certificate,Configuration Item
ci-opc-client,ci-opc-server,Connects to,Connects to (parent),OPC Client,OPC Server
ci-scada-server,ci-opc-client,Connects to,Connects to (parent),SCADA Server,OPC Client
ci-avi-service-engine,ci-load-balancer-service,Uses,Used by (child),AVI Service Engine,Load Balancer Service
ci-file-system,ci-hpux-server,Contains,Contained by (child),File System,HPUX Server
ci-mssql-availability-group-replica,ci-windows-server,Runs on,Hosted on (parent),MSSQL Availability Group Replica,Windows Server
ci-citrix-netscaler,ci-load-balancer-service,Runs on,Runs (child),Citrix Netscaler,Load Balancer Service
ci-nas-file-system,ci-hyper-v-server,Contains,Contained by (child),NAS File System,Hyper-V Server
ci-offering,ci-dynamic-ci-group,Contains,Contains (parent),Offering,Dynamic CI Group
ci-unix-cluster-node,ci-computer,Runs on,Hosted on (parent),UNIX Cluster Node,Computer
ci-cloud-network,ci-ibm-datacenter,Runs on,Hosted on (parent),Cloud Network,IBM Datacenter
ci-aws-datacenter,ci-cloud-load-balancer,Contains,Hosts (child),AWS Datacenter,Cloud Load Balancer
ci-aws-datacenter,ci-image,Contains,Hosts (child),AWS Datacenter,Image
ci-endpoint,ci-service,Uses,Used by (child),Endpoint,Service
ci-availability-zone,ci-load-balancer-service,Contains,Contains (parent),Availability Zone,Load Balancer Service
ci-switch-partition,ci-ip-router,Contains,Contained by (child),Switch Partition,IP Router
ci-nas-file-system,ci-disk-partition,Uses,Provided By (parent),NAS File System,Disk Partition
ci-cisco-ucs-equipment,ci-cisco-ucs-rack-mount-unit,Contains,Contains (parent),Cisco UCS Equipment,Cisco UCS Rack Mount Unit
ci-vmware-vcenter-datacenter,ci-vmware-virtual-machine-template,Contains,Contains (parent),VMware vCenter Datacenter,VMware Virtual Machine Template
ci-hyper-v-resource-pool,ci-hyper-v-server,Depends on,Defines resources for (parent),Hyper-V Resource Pool,Hyper-V Server
ci-ip-address,ci-storage-server,Uses,Used by (child),IP Address,Storage Server
ci-solaris-server,ci-ip-address,Depends on,Owns (parent),Solaris Server,IP Address
ci-ip-address,ci-linux-server,Depends on,Owned by (child),IP Address,Linux Server
ci-vpn-connection,ci-virtual-private-gateway,Contains,Contained by (child),VPN Connection,Virtual Private Gateway
ci-storage-cluster,ci-storage-node-element,Depends on,Manages (child),Storage Cluster,Storage Node Element
ci-cloud-hardware-type,ci-cloud-database,Uses,Provisioned (child),Cloud Hardware Type,Cloud DataBase
ci-windows-server,ci-exit-interface-routing-rule,Uses,Uses (child),Windows Server,Exit Interface Routing Rule
ci-mssql-availability-group,ci-mssql-availability-group-listener,Uses,Uses (child),MSSQL Availability Group,MSSQL Availability Group Listener
ci-ovirt-virtual-machine-instance,ci-ovirt-server,Runs on,Registered on (parent),oVirt Virtual Machine Instance,oVirt Server
ci-vmware-virtual-machine-instance,ci-computer,Depends on,Instance of (child),VMware Virtual Machine Instance,Computer
ci-storage-node-element,ci-chassis,Runs on,Hosted on (parent),Storage Node Element,Chassis
ci-file-system,ci-linux-server,Contains,Contained by (child),File System,Linux Server
ci-next-hop-routing-rule,ci-ip-router,Uses,Used by (child),Next Hop Routing Rule,IP Router
ci-nas-file-system,ci-storage-file-share,Contains,Allocated from (parent),NAS File System,Storage File Share
ci-kubernetes-replicaset,ci-cloud-service-account,Runs on,Hosted on (parent),Kubernetes ReplicaSet,Cloud Service Account
ci-cohesity-node,ci-cohesity-cluster,Contains,Cluster of (parent),Cohesity Node,Cohesity Cluster
ci-opc-server,ci-rtu,Connects to,Connects to (parent),OPC Server,RTU
ci-next-hop-routing-rule,ci-windows-server,Uses,Used by (parent),Next Hop Routing Rule,Windows Server
ci-palo-alto-firewall-device,ci-router-interface,Uses,Uses (parent),Palo Alto Firewall Device,Router Interface
ci-kubernetes-service,ci-kubernetes-pod,Contains,Cluster of (parent),Kubernetes Service,Kubernetes Pod
ci-disk,ci-file-system,Uses,Provided by (child),Disk,File System
ci-disk-partition,ci-nas-file-system,Uses,Provides (child),Disk Partition,NAS File System
ci-windows-server,ci-fibre-channel-disk,Contains,Contains (parent),Windows Server,Fibre Channel Disk
ci-f5-big-ip,ci-router-interface,Uses,Uses (parent),F5 BIG-IP,Router Interface
ci-cloud-service-account,ci-cmdb-ci-cloud-org,Contains,Contained by (child),Cloud Service Account,cmdb_ci_cloud_org
ci-file-system,ci-computer,Contains,Contained by (child),File System,Computer
ci-cloud-service-account,ci-ibm-datacenter,Contains,Hosts (child),Cloud Service Account,IBM Datacenter
ci-scada-client,ci-scada-server,Connects to,Connects to (parent),SCADA Client,SCADA Server
ci-load-balancer-service,ci-load-balancer-vlan,Uses,Uses (parent),Load Balancer Service,Load Balancer VLAN
ci-exit-interface-routing-rule,ci-next-hop-routing-rule,Depends on,Owns (parent),Exit Interface Routing Rule,Next Hop Routing Rule
ci-resource-group,ci-cloud-storage-account,Contains,Contains (parent),Resource Group,Cloud Storage Account
ci-linux-server,ci-esx-server,Runs on,Virtualized by (parent),Linux Server,ESX Server
ci-vmware-virtual-machine-template,ci-esx-server,Runs on,Registered on (parent),VMware Virtual Machine Template,ESX Server
ci-application,ci-load-balancer-service,Routes to,Distributed by (parent),Application,Load Balancer Service
ci-virtual-private-gateway,ci-resource-group,Contains,Contained by (child),Virtual Private Gateway,Resource Group
ci-datastore-disk,ci-storage-disk,Uses,Imports from (child),Datastore Disk,Storage Disk
ci-kubernetes-cluster,ci-kubernetes-statefulset,Contains,Hosts (child),Kubernetes Cluster,Kubernetes StatefulSet
ci-kubernetes-daemonset,ci-kubernetes-cluster,Runs on,Hosted on (parent),Kubernetes DaemonSet,Kubernetes Cluster
ci-ace,ci-ip-address,Depends on,Owns (parent),ACE,IP Address
ci-openstack-datacenter,ci-image,Contains,Hosts (child),Openstack Datacenter,Image
ci-load-balancer-pool,ci-load-balancer-service,Contains,Contained by (child),Load Balancer Pool,Load Balancer Service
ci-cassandra-cluster-node,ci-server,Runs on,Hosted on (parent),Cassandra Cluster Node,Server
ci-storage-server,ci-network-adapter,Uses,Uses (parent),Storage Server,Network Adapter
ci-hyper-v-server,ci-disk,Contains,Contains (parent),Hyper-V Server,Disk
ci-resource-group,ci-cloud-direct-connect,Contains,Contains (parent),Resource Group,Cloud Direct Connect
ci-storage-volume-snapshot,ci-storage-volume,Depends on,Replicated by (child),Storage Volume Snapshot,Storage Volume
ci-virtual-machine-instance,ci-cloud-hardware-type,Uses,Provisioned From (parent),Virtual Machine Instance,Cloud Hardware Type
ci-aws-cloud-ecs-service,ci-aws-cloud-ecs-taskdefinition,Uses,Uses (parent),AWS Cloud ECS Service,AWS Cloud ECS TaskDefinition
ci-disk,ci-solaris-server,Contains,Contained by (child),Disk,Solaris Server
ci-aws-datacenter,ci-nat-gateway,Contains,Hosts (child),AWS Datacenter,NAT Gateway
ci-instance-template,ci-cloud-image,Uses,Uses (parent),Instance template,Cloud Image
ci-application,ci-storage-server,Depends on,Depends on (parent),Application,Storage Server
ci-docker-local-image,ci-docker-image,Runs on,Instantiates (parent),Docker Local Image,Docker Image
ci-video-management-system,ci-ip-camera,Uses,Uses (parent),Video Management System,IP Camera
ci-google-datacenter,ci-storage-volume,Contains,Hosts (child),Google Datacenter,Storage Volume
ci-ibm-datacenter,ci-virtual-machine-instance,Contains,Hosts (child),IBM Datacenter,Virtual Machine Instance
ci-network-adapter,ci-ace,Depends on,Owned by (child),Network Adapter,ACE
ci-aws-cloud-ecs-task,ci-docker-container,Runs on,Runs on (parent),AWS Cloud ECS Task,Docker Container
ci-ot-control-module,ci-industrial-actuator,Depends on,Owns (parent),OT Control Module,Industrial Actuator
ci-cluster-virtual-ip,ci-unix-cluster-node,Uses,Used by (parent),Cluster Virtual IP,UNIX Cluster Node
ci-oracle-database-listener,ci-oracle-instance,Uses,Used by (child),Oracle Database Listener,Oracle Instance
ci-vmware-virtual-machine-template,ci-vmware-vcenter-datacenter,Contains,Contained by (child),VMware Virtual Machine Template,VMware vCenter Datacenter
ci-fibre-channel-port,ci-windows-server,Depends on,Owned by (child),Fibre Channel Port,Windows Server
ci-storage-server,ci-ip-address,Uses,Uses (parent),Storage Server,IP Address
ci-tomcat,ci-apache-web-server,Uses,Used by (child),Tomcat,Apache Web Server
ci-oracle-instance,ci-oracle-pdb-instance,Depends on,Manages (child),Oracle Instance,Oracle PDB Instance
ci-kafka-connect,ci-kafka-topic,Connects to,Connects to (parent),Kafka Connect,Kafka Topic
ci-network-adapter,ci-citrix-netscaler,Depends on,Owned by (child),Network Adapter,Citrix Netscaler
ci-storage-server,ci-virtual-machine-instance,Runs on,Virtualized by (parent),Storage Server,Virtual Machine Instance
ci-file-system,ci-disk-partition,Uses,Provided By (parent),File System,Disk Partition
ci-cloud-subnet,ci-cloud-mgmt-network-interface,Contains,Contains (parent),Cloud Subnet,Cloud Mgmt Network Interface
ci-hyper-v-server,ci-windows-server,Runs on,Runs on (parent),Hyper-V Server,Windows Server
ci-kubernetes-cluster,ci-kubernetes-deployment,Contains,Hosts (child),Kubernetes Cluster,Kubernetes Deployment
ci-kubernetes-statefulset,ci-kubernetes-cluster,Runs on,Hosted on (parent),Kubernetes StatefulSet,Kubernetes Cluster
ci-cisco-firewall-device,ci-router-interface,Uses,Uses (parent),Cisco Firewall Device,Router Interface
ci-ip-camera,ci-edge-application,Uses,Uses (parent),IP Camera,Edge Application
ci-sap-sid,ci-sap-ers-application,Uses,Used by (child),SAP SID,SAP ERS Application
ci-sap-ci-application,ci-sap-sid,Uses,Uses (parent),SAP CI Application,SAP SID
ci-router-interface,ci-alteon,Uses,Used by (child),Router Interface,Alteon
ci-aws-datacenter,ci-availability-zone,Contains,Contains (parent),AWS Datacenter,Availability Zone
ci-openstack-endpoint,ci-openstack-datacenter,Runs on,Hosted on (parent),OpenStack Endpoint,Openstack Datacenter
ci-network-adapter,ci-aix-server,Depends on,Owned by (child),Network Adapter,AIX Server
ci-disk,ci-hyper-v-server,Contains,Contained by (child),Disk,Hyper-V Server
ci-kubernetes-cluster-role-binding,ci-cloud-service-account,Runs on,Hosted on (parent),Kubernetes Cluster Role Binding,Cloud Service Account
ci-azure-ai-foundry,ci-azure-ai-project,Contains,Contains (parent),Azure AI Foundry,Azure AI Project
ci-video-management-system,ci-site,Contains,Contained by (child),Video Management System,Site
ci-historian,ci-rtu,Connects to,Connects to (parent),Historian,RTU
ci-edge-application,ci-video-management-system,Uses,Used by (parent),Edge Application,Video Management System
ci-zones,ci-solaris-server,Runs on,Runs on (parent),Zones,Solaris Server
ci-linux-server,ci-unix-cluster-node,Contains,Hosts (child),Linux Server,UNIX Cluster Node
ci-sap-sid,ci-sap-ci-application,Uses,Used by (child),SAP SID,SAP CI Application
ci-compute-security-endpoint,ci-virtual-machine-instance,Connects to,Use End Point From (child),Compute Security Endpoint,Virtual Machine Instance
ci-cloud-network,ci-virtual-private-gateway-endpoint,Connects to,Use End Point To (parent),Cloud Network,Virtual Private Gateway Endpoint
ci-cluster-node,ci-f5-big-ip,Runs on,Hosted on (parent),Cluster Node,F5 BIG-IP
ci-virtual-machine-instance,ci-cloud-key-pair,Uses,Uses (parent),Virtual Machine Instance,Cloud Key Pair
ci-hyper-v-virtual-machine-instance,ci-hyper-v-server,Runs on,Registered on (parent),Hyper-V Virtual Machine Instance,Hyper-V Server
ci-availability-zone,ci-cloud-load-balancer,Contains,Contains (parent),Availability Zone,Cloud Load Balancer
ci-storage-server,ci-storage-cluster,Depends on,Managed by (parent),Storage Server,Storage Cluster
ci-jboss,ci-web-application,Contains,Contains (parent),JBoss,Web Application
ci-docker-container,ci-docker-local-image,Runs on,Instantiates (parent),Docker Container,Docker Local Image
ci-solaris-virtual-machine-instance,ci-zones,Runs on,Registered on (parent),Solaris Virtual Machine Instance,Zones
ci-resource-group,ci-cloud-network,Contains,Contains (parent),Resource Group,Cloud Network
ci-unix-cluster-resource,ci-unix-cluster-node,Depends on,Defines resources for (parent),UNIX Cluster Resource,UNIX Cluster Node
ci-unix-cluster-node,ci-cluster-virtual-ip,Uses,Uses (child),UNIX Cluster Node,Cluster Virtual IP
ci-aws-cloud-ecs-taskdefinition,ci-aws-cloud-ecs-service,Uses,Used by (child),AWS Cloud ECS TaskDefinition,AWS Cloud ECS Service
ci-cloud-service-account,ci-kubernetes-namespace,Contains,Hosts (child),Cloud Service Account,Kubernetes Namespace
ci-historian,ci-plc,Connects to,Connects to (parent),Historian,PLC
ci-aws-datacenter,ci-cloud-public-ip-address,Contains,Hosts (child),AWS Datacenter,Cloud Public IP Address
ci-aws-cloud-ecs-cluster,ci-aws-cloud-ecs-task,Runs on,Runs (child),AWS Cloud ECS Cluster,AWS Cloud ECS Task
ci-windows-cluster,ci-msft-sql-instance,Runs on,Runs (child),Windows Cluster,MSFT SQL Instance
ci-router-interface,ci-computer,Uses,Used by (child),Router Interface,Computer
ci-exit-interface-routing-rule,ci-hyper-v-server,Uses,Used by (child),Exit Interface Routing Rule,Hyper-V Server
ci-storage-device,ci-windows-server,Contains,Contained by (child),Storage Device,Windows Server
ci-openstack-datacenter,ci-storage-volume,Contains,Hosts (child),Openstack Datacenter,Storage Volume
ci-hardware,ci-dns-name,Depends on,Owns (parent),Hardware,DNS Name
ci-nat-gateway,ci-cloud-subnet,Uses,Used by (child),NAT Gateway,Cloud Subnet
ci-windows-server,ci-vmware-virtual-machine-instance,Runs on,Instantiated by (child),Windows Server,VMware Virtual Machine Instance
ci-storage-server,ci-storage-pool,Contains,Contains (parent),Storage Server,Storage Pool
ci-alteon,ci-load-balancer-interface,Depends on,Owns (parent),Alteon,Load Balancer Interface
ci-aws-datacenter,ci-cloud-image,Contains,Hosts (child),AWS Datacenter,Cloud Image
ci-application,ci-unique-certificate,Uses,Uses (parent),Application,Unique Certificate
ci-load-balancer-pool,ci-load-balancer-pool-member,Depends on,Owned by (child),Load Balancer Pool,Load Balancer Pool Member
ci-msft-sql-instance,ci-windows-cluster,Runs on,Runs on (parent),MSFT SQL Instance,Windows Cluster
ci-ip-address,ci-storage-server,Depends on,Owned by (child),IP Address,Storage Server
ci-kafka-broker,ci-kafka-consumer,Uses,Consumed by (parent),Kafka Broker,Kafka Consumer
ci-logical-datacenter,ci-kubernetes-cluster-role-binding,Contains,Hosts (child),Logical Datacenter,Kubernetes Cluster Role Binding
ci-aws-datacenter,ci-aws-cloud-ecs-taskdefinition,Contains,Hosts (child),AWS Datacenter,AWS Cloud ECS TaskDefinition
ci-kubernetes-deployment,ci-kubernetes-cluster,Runs on,Hosted on (parent),Kubernetes Deployment,Kubernetes Cluster
ci-api,ci-api-product-bundle,Contains,Contained by (child),API,API Product Bundle
ci-hpux-server,ci-file-system,Contains,Contains (parent),HPUX Server,File System
ci-cloud-network,ci-openstack-datacenter,Runs on,Hosted on (parent),Cloud Network,Openstack Datacenter
ci-aws-datacenter,ci-cloud-mgmt-network-interface,Contains,Hosts (child),AWS Datacenter,Cloud Mgmt Network Interface
ci-router-interface,ci-f5-big-ip,Uses,Used by (child),Router Interface,F5 BIG-IP
ci-rack,ci-data-center-zone,Contains,Contained by (child),Rack,Data Center Zone
ci-business-service,ci-ot-system-service,Uses,Used by (child),Business Service,OT System Service
ci-windows-server,ci-storage-hba,Depends on,Owns (parent),Windows Server,Storage HBA
ci-a10-load-balancer,ci-load-balancer-pool,Depends on,Owns (parent),A10 Load Balancer,Load Balancer Pool
ci-cloud-mgmt-network-interface,ci-google-datacenter,Runs on,Hosted on (parent),Cloud Mgmt Network Interface,Google Datacenter
ci-ibm-datacenter,ci-availability-zone,Contains,Contains (parent),IBM Datacenter,Availability Zone
ci-storage-volume,ci-virtual-machine-instance,Uses,Used by (child),Storage Volume,Virtual Machine Instance
ci-operational-technology-ot,ci-intrusion-detection-system,Depends on,Detected by (child),Operational Technology (OT),Intrusion Detection System
ci-route-table-endpoint,ci-cloud-subnet,Connects to,Use End Point From (child),Route Table Endpoint,Cloud Subnet
ci-ip-address,ci-aix-server,Depends on,Owned by (child),IP Address,AIX Server
ci-storage-hba,ci-linux-server,Depends on,Owned by (child),Storage HBA,Linux Server
ci-storage-cluster-node,ci-storage-node-element,Runs on,Hosted on (parent),Storage Cluster Node,Storage Node Element
ci-computer,ci-iscsi-disk,Contains,Contains (parent),Computer,iSCSI Disk
ci-disk,ci-windows-server,Contains,Contained by (child),Disk,Windows Server
ci-hyper-v-server,ci-nas-file-system,Contains,Contains (parent),Hyper-V Server,NAS File System
ci-information-object,ci-file-system,Depends on,Depends on (parent),Information Object,File System
ci-site,ci-server,Contains,Contained by (child),Site,Server
ci-memory-module,ci-computer,Contains,Contained by (child),Memory Module,Computer
ci-computer,ci-computer,Depends on,Depends on (parent),Computer,Computer
ci-computer,ci-rack,Depends on,Powered by (child),Computer,Rack
ci-server,ci-database,Contains,Hosts (child),Server,Database
ci-data-center,ci-computer-room,Contains,Located In (parent),Data Center,Computer Room
ci-cloud-subnet,ci-google-datacenter,Contains,Contained by (child),Cloud Subnet,Google Datacenter
ci-network-adapter,ci-storage-node-element,Depends on,Owned by (child),Network Adapter,Storage Node Element
ci-hyper-v-server,ci-iscsi-disk,Contains,Contains (parent),Hyper-V Server,iSCSI Disk
ci-database,ci-cluster,Contains,Member of (child),Database,Cluster
ci-computer,ci-cluster,Contains,Member of (child),Computer,Cluster
ci-computer-room,ci-zones,Contains,Located in (parent),Computer Room,Zones
ci-computer-room,ci-data-center,Contains,Houses (child),Computer Room,Data Center
ci-data-center-zone,ci-rack,Contains,Contains (parent),Data Center Zone,Rack
ci-data-center-zone,ci-computer-room,Contains,Contains Room (child),Data Center Zone,Computer Room
ci-rack,ci-computer,Depends on,Powers (parent),Rack,Computer
ci-server,ci-service,Uses,Used by (child),Server,Service
ci-firewall-device-group,ci-firewall-device,Contains,Members (parent),Firewall Device Group,Firewall Device
ci-disk,ci-storage-volume,Uses,Provides (parent),Disk,Storage Volume
ci-information-object,ci-business-application,Uses,Used by (child),Information Object,Business Application
ci-storage-node-element,ci-disk,Contains,Contains (parent),Storage Node Element,Disk
ci-router-interface,ci-ace,Uses,Used by (child),Router Interface,ACE
ci-kubernetes-deployment,ci-kubernetes-namespace,Contains,Contained by (child),Kubernetes Deployment,Kubernetes Namespace
ci-vnic-endpoint,ci-ovirt-virtual-machine-instance,Connects to,Use End Point From (child),VNIC Endpoint,oVirt Virtual Machine Instance
ci-network-adapter,ci-juniper-firewall-device,Depends on,Owned by (child),Network Adapter,Juniper Firewall Device
ci-ibm-zos-server,ci-file-system,Contains,Contains (parent),IBM zOS server,File System
ci-service,ci-server,Depends on,Depends on (parent),Service,Server
ci-exchange-mailbox,ci-information-object,Uses,Used by (child),Exchange MailBox,Information Object
ci-oci-datacenter,ci-cloud-image,Contains,Hosts (child),OCI Datacenter,Cloud Image
ci-ip-switch,ci-alteon,Connects to,IP Connection (child),IP Switch,Alteon
ci-firewall-manager,ci-firewall-device-group,Contains,Contains (parent),Firewall Manager,Firewall Device Group
ci-cloud-location-group,ci-availability-zone,Contains,Contained by (child),Cloud Location Group,Availability Zone
ci-fibre-channel-port,ci-solaris-server,Depends on,Owned by (child),Fibre Channel Port,Solaris Server
ci-load-balancer-pool-member,ci-load-balancer-pool,Depends on,Owns (parent),Load Balancer Pool Member,Load Balancer Pool
ci-hyper-v-storage,ci-hyper-v-storage-component,Depends on,Manages (child),Hyper-V Storage,Hyper-V Storage Component
ci-windows-server,ci-fibre-channel-port,Depends on,Owns (parent),Windows Server,Fibre Channel Port
ci-storage-server,ci-pure-storage-processor,Contains,Contains (parent),Storage Server,Pure Storage Processor
ci-ip-router,ci-next-hop-routing-rule,Uses,Uses (parent),IP Router,Next Hop Routing Rule
ci-google-datacenter,ci-virtual-machine-instance,Contains,Hosts (child),Google Datacenter,Virtual Machine Instance
ci-cloud-load-balancer,ci-aws-datacenter,Runs on,Hosted on (parent),Cloud Load Balancer,AWS Datacenter
ci-aws-datacenter,ci-cloud-network,Contains,Hosts (child),AWS Datacenter,Cloud Network
ci-storage-pool,ci-storage-node-element,Runs on,Hosted on (parent),Storage Pool,Storage Node Element
ci-network-adapter,ci-windows-server,Depends on,Owned by (child),Network Adapter,Windows Server
ci-google-organization-project,ci-cloud-service-account,Depends on,Owned by (child),Google Organization Project,Cloud Service Account
ci-hyper-v-server,ci-hyper-v-virtual-network,Uses,Provided by (child),Hyper-V Server,Hyper-V Virtual Network
ci-exit-interface-routing-rule,ci-windows-server,Uses,Used by (child),Exit Interface Routing Rule,Windows Server
ci-cloud-image,ci-virtual-machine-instance,Uses,Provisioned (child),Cloud Image,Virtual Machine Instance
ci-ibm-websphere-as,ci-web-service,Runs on,Runs (child),IBM WebSphere AS,Web Service
ci-cloudfoundry-space,ci-cloudfoundry-route,Connects to,Implement End Point From (child),CloudFoundry Space,CloudFoundry Route
ci-kafka-cluster,ci-kafka-topic,Uses,Provides (parent),Kafka Cluster,Kafka Topic
ci-kafka-consumer,ci-kafka-broker,Uses,Consumes (child),Kafka Consumer,Kafka Broker
ci-exit-interface-routing-rule,ci-linux-server,Uses,Used by (child),Exit Interface Routing Rule,Linux Server
ci-ip-switch,ci-router-interface,Uses,Uses (parent),IP Switch,Router Interface
ci-hyper-v-server,ci-ip-address,Depends on,Owns (parent),Hyper-V Server,IP Address
ci-kubernetes-pod,ci-cloud-service-account,Runs on,Hosted on (parent),Kubernetes Pod,Cloud Service Account
ci-iscsi-disk,ci-computer,Contains,Contained by (child),iSCSI Disk,Computer
ci-cisco-firewall-device,ci-ip-address,Depends on,Owns (parent),Cisco Firewall Device,IP Address
ci-alibaba-datacenter,ci-cloud-hardware-type,Contains,Hosts (child),Alibaba Datacenter,Cloud Hardware Type
ci-windows-cluster-resource,ci-windows-cluster,Depends on,Defines resources for (parent),Windows Cluster Resource,Windows Cluster
ci-storage-volume,ci-block-endpoint,Connects to,Implement End Point From (child),Storage Volume,Block Endpoint
ci-vmware-vcenter-network,ci-vmware-vcenter-datacenter,Contains,Contained by (child),VMware vCenter Network,VMware vCenter Datacenter
ci-block-endpoint,ci-virtual-machine-instance,Connects to,Use End Point From (child),Block Endpoint,Virtual Machine Instance
ci-aws-datacenter,ci-docker-container,Contains,Hosts (child),AWS Datacenter,Docker Container
ci-google-organization-folder,ci-google-organization-project,Contains,Contains (parent),Google Organization Folder,Google Organization Project
ci-ip-switch,ci-switch-forwarding-rule,Contains,Contains (parent),IP Switch,Switch Forwarding Rule
ci-block-endpoint,ci-storage-volume,Connects to,Implement End Point To (parent),Block Endpoint,Storage Volume
ci-dns-alias,ci-dns-name,Uses,Uses (child),DNS Alias,DNS Name
ci-load-balancer-pool,ci-ace,Depends on,Owned by (child),Load Balancer Pool,ACE
ci-cohesity-cluster,ci-cohesity-node,Contains,Cluster (child),Cohesity Cluster,Cohesity Node
ci-scada-server,ci-hmi,Connects to,Connected by (child),SCADA Server,HMI
ci-ip-address,ci-f5-big-ip,Depends on,Owned by (child),IP Address,F5 BIG-IP
ci-pure-storage-file-share,ci-storage-server,Uses,Provided By (parent),Pure Storage File Share,Storage Server
ci-switch-partition,ci-ip-switch,Contains,Contained by (child),Switch Partition,IP Switch
ci-logical-datacenter,ci-kubernetes-node-pool,Contains,Hosts (child),Logical Datacenter,Kubernetes Node Pool
ci-api,ci-api-component,Uses,Uses (parent),API,API Component
ci-storage-cluster,ci-storage-server,Runs on,Runs (child),Storage Cluster,Storage Server
ci-aws-cloud-ecs-cluster,ci-aws-cloud-ecs-service,Runs on,Runs (child),AWS Cloud ECS Cluster,AWS Cloud ECS Service
ci-hyper-v-virtual-network-component,ci-hyper-v-virtual-machine-instance,Connects to,Connects (child),Hyper-V Virtual Network Component,Hyper-V Virtual Machine Instance
ci-ip-switch,ci-linux-server,Connects to,IP Connection (child),IP Switch,Linux Server
ci-cluster-resource-group,ci-unix-cluster,Contains,Contained by (child),Cluster Resource Group,UNIX Cluster
ci-fortinet-firewall-device,ci-fortinet-firewall-cluster,Contains,Hosts (child),Fortinet Firewall Device,Fortinet Firewall Cluster
ci-a10-load-balancer,ci-network-adapter,Depends on,Owns (parent),A10 Load Balancer,Network Adapter
ci-ip-switch,ci-hpux-server,Connects to,IP Connection (child),IP Switch,HPUX Server
ci-availability-zone,ci-cloud-disk-type,Contains,Hosts (child),Availability Zone,Cloud Disk Type
ci-storage-server,ci-network-adapter,Depends on,Owns (parent),Storage Server,Network Adapter
ci-kubernetes-pod,ci-kubernetes-namespace,Contains,Contained by (child),Kubernetes Pod,Kubernetes Namespace
ci-kafka-topic,ci-kafka-cluster,Uses,Provided by (child),Kafka Topic,Kafka Cluster
ci-nutanix-host,ci-nutanix-cluster,Contains,Member of (child),Nutanix Host,Nutanix Cluster
ci-alteon,ci-router-interface,Uses,Uses (parent),Alteon,Router Interface
ci-esx-server,ci-vmware-vcenter-datacenter,Contains,Contained by (child),ESX Server,VMware vCenter Datacenter
ci-physical-connection,ci-network-topology,Contains,Member of (child),Physical connection,Network Topology
ci-router-interface,ci-citrix-netscaler,Uses,Used by (parent),Router Interface,Citrix Netscaler
ci-aws-datacenter,ci-customer-gateway,Contains,Hosts (child),AWS Datacenter,Customer Gateway
ci-ip-address,ci-radware-load-balancer,Depends on,Owned by (child),IP Address,Radware Load Balancer
ci-network-adapter,ci-storage-server,Depends on,Owned by (child),Network Adapter,Storage Server
ci-openstack-service,ci-openstack-endpoint,Connects to,Use End Point From (child),OpenStack Service,OpenStack Endpoint
ci-cloud-hardware-type,ci-alibaba-datacenter,Runs on,Hosted on (parent),Cloud Hardware Type,Alibaba Datacenter
ci-ibm-lpar-instance,ci-ibm-hmc-processor-pool,Contains,Member of (child),IBM LPAR Instance,IBM HMC Processor pool
ci-iscsi-endpoint,ci-storage-volume,Connects to,Implement End Point To (parent),ISCSI Endpoint,Storage Volume
ci-esx-server,ci-vmware-vcenter-cluster,Contains,Member of (child),ESX Server,VMware vCenter Cluster
ci-linux-server,ci-network-adapter,Depends on,Owns (parent),Linux Server,Network Adapter
ci-hyper-v-server,ci-storage-hba,Depends on,Owns (parent),Hyper-V Server,Storage HBA
ci-service,ci-business-application,Uses,Consumed by (child),Service,Business Application
ci-aws-kinesis,ci-aws-datacenter,Runs on,Hosted on (parent),AWS Kinesis,AWS Datacenter
ci-storage-pool,ci-nas-file-system,Uses,Provides (child),Storage Pool,NAS File System
ci-compute-security-group,ci-cloud-network,Contains,Contained by (child),Compute Security Group,Cloud Network
ci-fibre-channel-disk,ci-nas-file-system,Uses,Provided by (child),Fibre Channel Disk,NAS File System
ci-network-adapter,ci-ip-router,Depends on,Owned by (child),Network Adapter,IP Router
ci-aws-datacenter,ci-internet-gateway,Contains,Hosts (child),AWS Datacenter,Internet Gateway
ci-next-hop-routing-rule,ci-computer,Uses,Used by (child),Next Hop Routing Rule,Computer
ci-computer,ci-unix-cluster-node,Contains,Hosts (child),Computer,UNIX Cluster Node
ci-vmware-vcenter-instance,ci-vmware-vcenter-datacenter,Depends on,Manages (child),VMware vCenter Instance,VMware vCenter Datacenter
ci-kubernetes-namespace,ci-kubernetes-service,Contains,Contains (parent),Kubernetes Namespace,Kubernetes Service
ci-availability-zone,ci-storage-volume-snapshot,Contains,Zone contains (child),Availability Zone,Storage Volume Snapshot
ci-logical-connection,ci-network-topology,Contains,Member of (child),Logical connection,Network Topology
ci-availability-zone,ci-google-datacenter,Contains,Contained by (child),Availability Zone,Google Datacenter
ci-storage-volume,ci-openstack-datacenter,Runs on,Hosted on (parent),Storage Volume,Openstack Datacenter
ci-cloud-subnet,ci-cloud-load-balancer,Contains,Contains (parent),Cloud Subnet,Cloud Load Balancer
ci-cloud-database,ci-cloud-hardware-type,Uses,Provisioned From (parent),Cloud DataBase,Cloud Hardware Type
ci-industrial-drive,ci-ot-control-module,Depends on,Owned by (child),Industrial Drive,OT Control Module
ci-ibm-datacenter,ci-cloud-service-account,Runs on,Hosted on (parent),IBM Datacenter,Cloud Service Account
ci-kubernetes-service,ci-cloud-service-account,Runs on,Hosted on (parent),Kubernetes Service,Cloud Service Account
ci-dpu,ci-dcs,Connects to,Connected by (child),DPU,DCS
ci-cloud-subnet,ci-availability-zone,Contains,Contained by (child),Cloud Subnet,Availability Zone
ci-api-consumer-subscription,ci-api-product-bundle,Uses,Uses (child),API Consumer Subscription,API Product Bundle
ci-opc-client,ci-historian,Connects to,Connected by (child),OPC Client,Historian
ci-network-adapter,ci-computer,Depends on,Owned by (child),Network Adapter,Computer
ci-mssql-availability-group-listener,ci-mssql-availability-group,Uses,Used by (parent),MSSQL Availability Group Listener,MSSQL Availability Group
ci-service,ci-service,Depends on,Depends on (parent),Service,Service
ci-service,ci-service,Uses,Used by (child),Service,Service
ci-windows-server,ci-server,Runs on,Runs on (parent),Windows Server,Server
ci-server,ci-windows-server,Runs on,Runs (child),Server,Windows Server
ci-server,ci-mass-storage-device,Depends on,Receives data from (parent),Server,Mass Storage Device
ci-mass-storage-device,ci-server,Depends on,Sends data to (child),Mass Storage Device,Server
ci-windows-server,ci-service,Uses,Used by (child),Windows Server,Service
ci-service,ci-email-server,Depends on,Depends on (parent),Service,Email Server
ci-email-server,ci-service,Uses,Used by (child),Email Server,Service
ci-email-server,ci-email-server,Depends on,Depends on (parent),Email Server,Email Server
ci-email-server,ci-email-server,Uses,Used by (child),Email Server,Email Server
ci-email-server,ci-mass-storage-device,Depends on,Depends on (parent),Email Server,Mass Storage Device
ci-mass-storage-device,ci-email-server,Uses,Used by (child),Mass Storage Device,Email Server
ci-email-server,ci-mass-storage-device,Connects to,Connects to (parent),Email Server,Mass Storage Device
ci-mass-storage-device,ci-email-server,Connects to,Connected by (child),Mass Storage Device,Email Server
ci-service,ci-application,Depends on,Depends on (parent),Service,Application
ci-application,ci-service,Uses,Used by (child),Application,Service
ci-unix-server,ci-service,Uses,Used by (child),UNIX Server,Service
ci-service,ci-computer,Depends on,Depends on (parent),Service,Computer
ci-computer,ci-service,Uses,Used by (child),Computer,Service
ci-computer,ci-computer-peripheral,Depends on,Depends on (parent),Computer,Computer Peripheral
ci-computer-peripheral,ci-computer,Uses,Used by (child),Computer Peripheral,Computer
ci-application,ci-server,Runs on,Runs on (parent),Application,Server
ci-windows-server,ci-application,Runs on,Runs (child),Windows Server,Application
ci-windows-server,ci-network-gear,Connects to,Exchanges data with (parent),Windows Server,Network Gear
ci-network-gear,ci-windows-server,Connects to,Exchanges data with (child),Network Gear,Windows Server
ci-windows-server,ci-mass-storage-device,Depends on,Receives data from (parent),Windows Server,Mass Storage Device
ci-mass-storage-device,ci-windows-server,Depends on,Sends data to (child),Mass Storage Device,Windows Server
ci-service,ci-web-server,Depends on,Depends on (parent),Service,Web Server
ci-web-server,ci-service,Uses,Used by (child),Web Server,Service
ci-linux-server,ci-service,Uses,Used by (child),Linux Server,Service
ci-service,ci-network-gear,Connects to,Connects to (parent),Service,Network Gear
ci-network-gear,ci-service,Connects to,Connected by (child),Network Gear,Service
ci-service,ci-database,Depends on,Depends on (parent),Service,Database
ci-database,ci-service,Uses,Used by (child),Database,Service
ci-service,ci-network-gear,Depends on,Depends on (parent),Service,Network Gear
ci-network-gear,ci-service,Uses,Used by (child),Network Gear,Service
ci-database,ci-database,Runs on,Hosted on (parent),Database,Database
ci-database,ci-database,Contains,Hosts (child),Database,Database
ci-cluster,ci-unix-server,Contains,Members (parent),Cluster,UNIX Server
ci-unix-server,ci-cluster,Contains,Member of (child),UNIX Server,Cluster
ci-database,ci-cluster,Depends on,Depends on (parent),Database,Cluster
ci-cluster,ci-database,Uses,Used by (child),Cluster,Database
ci-unix-server,ci-mass-storage-device,Depends on,Depends on (parent),UNIX Server,Mass Storage Device
ci-mass-storage-device,ci-unix-server,Uses,Used by (child),Mass Storage Device,UNIX Server
ci-web-server,ci-linux-server,Runs on,Runs on (parent),Web Server,Linux Server
ci-linux-server,ci-web-server,Runs on,Runs (child),Linux Server,Web Server
ci-unix-server,ci-application,Runs on,Runs (child),UNIX Server,Application
ci-application,ci-database,Depends on,Depends on (parent),Application,Database
ci-database,ci-application,Uses,Used by (child),Database,Application
ci-database,ci-unix-server,Runs on,Runs on (parent),Database,UNIX Server
ci-unix-server,ci-database,Runs on,Runs (child),UNIX Server,Database
ci-unix-server,ci-network-gear,Connects to,Connects to (parent),UNIX Server,Network Gear
ci-network-gear,ci-unix-server,Connects to,Connected by (child),Network Gear,UNIX Server
ci-application,ci-service,Depends on,Sends data to (child),Application,Service
ci-service,ci-unix-server,Runs on,Runs on (parent),Service,UNIX Server
ci-unix-server,ci-service,Runs on,Runs (child),UNIX Server,Service
ci-ip-address,ci-ip-router,Depends on,Owned by (child),IP Address,IP Router
ci-chassis,ci-storage-node-element,Contains,Hosts (child),Chassis,Storage Node Element
ci-kubernetes-replicaset,ci-kubernetes-namespace,Contains,Contained by (child),Kubernetes ReplicaSet,Kubernetes Namespace
ci-resource-group,ci-virtual-private-gateway,Contains,Contains (parent),Resource Group,Virtual Private Gateway
ci-cloud-load-balancer,ci-load-balancer-pool,Uses,Uses (parent),Cloud Load Balancer,Load Balancer Pool
ci-a10-load-balancer,ci-a10-load-balancer-partition,Contains,Contains (parent),A10 Load Balancer,A10 Load Balancer Partition
ci-linux-server,ci-lvm-pool,Contains,Contains (parent),Linux Server,LVM Pool
ci-dns-name,ci-virtual-machine-instance,Contains,Contained by (child),DNS Name,Virtual Machine Instance
ci-ace,ci-load-balancer-interface,Depends on,Owns (parent),ACE,Load Balancer Interface
ci-a10-load-balancer,ci-ip-switch,Connects to,IP Connection (parent),A10 Load Balancer,IP Switch
ci-vmware-vcenter-network,ci-esx-server,Uses,Provided By (parent),VMware vCenter Network,ESX Server
ci-ip-address,ci-palo-alto-firewall-device,Depends on,Owned by (child),IP Address,Palo Alto Firewall Device
ci-avi-service-engine,ci-avi-controller,Contains,Contained by (child),AVI Service Engine,AVI Controller
ci-aws-datacenter,ci-cloud-hardware-type,Contains,Hosts (child),AWS Datacenter,Cloud Hardware Type
ci-windows-cluster,ci-windows-cluster-node,Contains,Cluster (child),Windows Cluster,Windows Cluster Node
ci-ibm-datacenter,ci-storage-volume-snapshot,Contains,Hosts (child),IBM Datacenter,Storage Volume Snapshot
ci-storage-volume,ci-ibm-datacenter,Runs on,Hosted on (parent),Storage Volume,IBM Datacenter
ci-storage-volume,ci-aws-datacenter,Runs on,Hosted on (parent),Storage Volume,AWS Datacenter
ci-solaris-server,ci-disk-partition,Contains,Contains (parent),Solaris Server,Disk Partition
ci-service,ci-unix-server,Depends on,Depends on (parent),Service,UNIX Server
ci-load-balancer-service,ci-windows-server,Routes to,Distributes (child),Load Balancer Service,Windows Server
ci-cloud-load-balancer,ci-ibm-datacenter,Runs on,Hosted on (parent),Cloud Load Balancer,IBM Datacenter
ci-dynamodb-table,ci-dynamodb-global-table,Contains,Cluster (child),DynamoDB Table,DynamoDB Global Table
ci-ip-address,ci-allocated-ip-address,Depends on,Managed by (parent),IP Address,Allocated IP Address
ci-a10-load-balancer,ci-load-balancer-service,Runs on,Runs (child),A10 Load Balancer,Load Balancer Service
ci-iscsi-disk,ci-file-system,Uses,Provides (parent),iSCSI Disk,File System
ci-service,ci-database-catalog,Depends on,Depends on (parent),Service,Database Catalog
ci-configuration-item,ci-cloud-system-management-agent,Runs on,Runs (child),Configuration Item,Cloud System Management Agent
ci-technology-management-service,ci-ot-system-service,Contains,Contained by (child),Technology Management Service,OT System Service
ci-cloud-load-balancer,ci-availability-zone,Contains,Contained by (child),Cloud Load Balancer,Availability Zone
ci-zoo-keeper-cluster-node,ci-kafka-zoo-keeper,Contains,Hosts (child),Zoo Keeper Cluster Node,Kafka Zoo Keeper
ci-ibm-hmc-processor-pool,ci-ibm-lpar-instance,Contains,Members (parent),IBM HMC Processor pool,IBM LPAR Instance
ci-ip-address,ci-solaris-server,Depends on,Owned by (child),IP Address,Solaris Server
ci-network-circuit,ci-sdwan-port,Connects to,Connected by (child),Network Circuit,SDWAN Port
ci-cluster,ci-database,Contains,Members (parent),Cluster,Database
ci-business-process-activity,ci-business-application,Uses,Uses (parent),Business Process Activity,Business Application
ci-resource-group,ci-deployed-marketplace-product,Contains,Contains (parent),Resource Group,Deployed Marketplace Product
ci-ovirt-server,ci-ovirt-cluster,Contains,Member of (child),oVirt Server,oVirt Cluster
ci-exit-interface-routing-rule,ci-ip-router,Uses,Used by (child),Exit Interface Routing Rule,IP Router
ci-load-balancer-interface,ci-load-balancer-vlan,Uses,Used by (child),Load Balancer Interface,Load Balancer VLAN
ci-exit-interface-routing-rule,ci-router-interface,Depends on,Owned by (child),Exit Interface Routing Rule,Router Interface
ci-compute-security-group,ci-resource-group,Contains,Contained by (child),Compute Security Group,Resource Group
ci-vmware-virtual-machine-instance,ci-vmware-vcenter-datastore,Depends on,Stored on (child),VMware Virtual Machine Instance,VMware vCenter Datastore
ci-ot-supervisory-system,ci-opc-client,Connects to,Connects to (parent),OT Supervisory System,OPC Client
ci-computer,ci-unix-cluster,Contains,Hosts (child),Computer,UNIX Cluster
ci-computer,ci-vmware-virtual-machine-instance,Runs on,Instantiates (parent),Computer,VMware Virtual Machine Instance
ci-oracle-golden-gate-extract-process,ci-oracle-golden-gate,Depends on,Manages (child),Oracle Golden Gate Extract Process,Oracle Golden Gate
ci-router-interface,ci-linux-server,Uses,Used by (child),Router Interface,Linux Server
ci-juniper-firewall-device,ci-router-interface,Uses,Uses (parent),Juniper Firewall Device,Router Interface
ci-cloud-service-account,ci-cloud-image,Contains,Hosts (child),Cloud Service Account,Cloud Image
ci-windows-server,ci-esx-server,Runs on,Virtualizes (child),Windows Server,ESX Server
ci-ot-control-module,ci-industrial-sensor,Depends on,Owns (parent),OT Control Module,Industrial Sensor
ci-a10-load-balancer,ci-ip-address,Depends on,Owns (parent),A10 Load Balancer,IP Address
ci-unix-cluster,ci-unix-cluster-resource,Depends on,Gets resources from (child),UNIX Cluster,UNIX Cluster Resource
ci-aws-datacenter,ci-storage-volume,Contains,Hosts (child),AWS Datacenter,Storage Volume
ci-vpn-connection,ci-aws-datacenter,Runs on,Hosted on (parent),VPN Connection,AWS Datacenter
ci-network-site,ci-network-topology,Connects to,Connects (child),Network Site,Network Topology
ci-oracle-golden-gate-replicat-process,ci-oracle-golden-gate,Depends on,Manages (child),Oracle Golden Gate Replicat Process,Oracle Golden Gate
ci-oracle-golden-gate,ci-oracle-golden-gate-extract-process,Depends on,Managed by (parent),Oracle Golden Gate,Oracle Golden Gate Extract Process
ci-cloudfoundry-space-service-instance,ci-cloudfoundry-space,Uses,Used by (child),CloudFoundry Space Service Instance,CloudFoundry Space
ci-kubernetes-cluster-role,ci-cloud-service-account,Runs on,Hosted on (parent),Kubernetes Cluster Role,Cloud Service Account
ci-customer-gateway,ci-vpn-connection,Contains,Contains (parent),Customer Gateway,VPN Connection
ci-cloud-service-account,ci-google-organization-project,Depends on,Owns (parent),Cloud Service Account,Google Organization Project
ci-computer,ci-storage-hba,Depends on,Owns (parent),Computer,Storage HBA
ci-computer,ci-hyper-v-virtual-machine-instance,Runs on,Instantiates (parent),Computer,Hyper-V Virtual Machine Instance
ci-azure-ai-project,ci-azure-ai-agent,Contains,Contains (parent),Azure AI Project,Azure AI Agent
ci-hyper-v-virtual-machine-instance,ci-computer,Runs on,Instantiated by (child),Hyper-V Virtual Machine Instance,Computer
ci-cloudfoundry-space-service-instance,ci-cloudfoundry-application,Uses,Used by (child),CloudFoundry Space Service Instance,CloudFoundry Application
ci-solaris-server,ci-fibre-channel-port,Depends on,Owns (parent),Solaris Server,Fibre Channel Port
ci-database,ci-cloud-hardware-type,Uses,Provisioned From (parent),Database,Cloud Hardware Type
ci-ip-switch,ci-aix-server,Connects to,IP Connection (child),IP Switch,AIX Server
ci-kafka-topic,ci-kafka-broker,Contains,Contained by (child),Kafka Topic,Kafka Broker
ci-cloud-service-account,ci-cloud-resource,Contains,Hosts (child),Cloud Service Account,Cloud Resource
ci-hyper-v-resource-pool,ci-hyper-v-server,Contains,Contains (parent),Hyper-V Resource Pool,Hyper-V Server
ci-hyper-v-server,ci-fibre-channel-port,Depends on,Owns (parent),Hyper-V Server,Fibre Channel Port
ci-nas-file-system,ci-storage-pool,Uses,Provided By (parent),NAS File System,Storage Pool
ci-web-service,ci-ibm-websphere-as,Runs on,Runs on (parent),Web Service,IBM WebSphere AS
ci-virtual-machine-instance,ci-image,Uses,Provisioned From (parent),Virtual Machine Instance,Image
ci-resource-group,ci-cloud-subnet,Contains,Contains (parent),Resource Group,Cloud Subnet
ci-data-power-hosting-server,ci-ip-switch,Connects to,IP Connection (parent),Data Power Hosting Server,IP Switch
ci-file-system,ci-storage-pool,Uses,Provided By (parent),File System,Storage Pool
ci-ot-control-module,ci-plc,Depends on,Owned by (child),OT Control Module,PLC
ci-hyper-v-virtual-machine-instance,ci-hyper-v-virtual-network-component,Connects to,Connected by (parent),Hyper-V Virtual Machine Instance,Hyper-V Virtual Network Component
ci-openstack-datacenter,ci-compute-security-group,Contains,Hosts (child),Openstack Datacenter,Compute Security Group
ci-cmdb-ci-ot-isa-entity,ci-ot-system-service,Depends on,Managed by (parent),cmdb_ci_ot_isa_entity,OT System Service
ci-load-balancer-service,ci-citrix-netscaler,Runs on,Runs on (parent),Load Balancer Service,Citrix Netscaler
ci-aix-server,ci-file-system,Contains,Contains (parent),AIX Server,File System
ci-ace,ci-load-balancer-service,Runs on,Runs (child),ACE,Load Balancer Service
ci-cloud-account-group,ci-cmdb-ci-cloud-org,Contains,Contained by (child),Cloud Account Group,cmdb_ci_cloud_org
ci-cloud-service-account,ci-azure-datacenter,Contains,Hosts (child),Cloud Service Account,Azure Datacenter
ci-azure-ai-project,ci-azure-ai-foundry,Contains,Contained by (child),Azure AI Project,Azure AI Foundry
ci-load-balancer-pool,ci-instance-scale-set,Uses,Consumed by (child),Load Balancer Pool,Instance Scale Set
ci-disk,ci-disk-shelf-chassis,Runs on,Hosted on (parent),Disk,Disk Shelf Chassis
ci-openstack-datacenter,ci-storage-volume-snapshot,Contains,Hosts (child),Openstack Datacenter,Storage Volume Snapshot
ci-patch,ci-hpux-server,Depends on,Owned by (child),Patch,HPUX Server
ci-ip-address,ci-storage-node-element,Depends on,Owned by (child),IP Address,Storage Node Element
ci-cloud-gateway,ci-dns-name,Uses,Uses (parent),Cloud Gateway,DNS Name
ci-cloud-public-ip-address,ci-resource-group,Contains,Contained by (child),Cloud Public IP Address,Resource Group
ci-next-hop-routing-rule,ci-exit-interface-routing-rule,Depends on,Owned by (child),Next Hop Routing Rule,Exit Interface Routing Rule
ci-nat-gateway,ci-aws-datacenter,Runs on,Hosted on (parent),NAT Gateway,AWS Datacenter
ci-nas-file-system,ci-computer,Contains,Contained by (child),NAS File System,Computer
ci-network-hostname,ci-unique-certificate,Uses,Uses (parent),Network Hostname,Unique Certificate
ci-kafka-zoo-keeper,ci-zoo-keeper-cluster-node,Runs on,Hosted on (parent),Kafka Zoo Keeper,Zoo Keeper Cluster Node
ci-iscsi-disk,ci-hyper-v-server,Contains,Contained by (child),iSCSI Disk,Hyper-V Server
ci-docker-container,ci-aws-cloud-ecs-task,Runs on,Runs (child),Docker Container,AWS Cloud ECS Task
ci-fortinet-firewall-device,ci-network-adapter,Depends on,Owns (parent),Fortinet Firewall Device,Network Adapter
ci-next-hop-routing-rule,ci-hyper-v-server,Uses,Used by (child),Next Hop Routing Rule,Hyper-V Server
ci-storage-server,ci-storage-node-element,Contains,Allocated to (parent),Storage Server,Storage Node Element
ci-cloud-mgmt-network-interface,ci-ovirt-ldc,Runs on,Hosted on (parent),Cloud Mgmt Network Interface,oVirt LDC
ci-data-power-hosting-server,ci-network-adapter,Depends on,Owns (parent),Data Power Hosting Server,Network Adapter
ci-dns-name,ci-dns-alias,Uses,Used by (parent),DNS Name,DNS Alias
ci-vmware-virtual-machine-template,ci-vmware-vcenter-network,Connects to,Connected by (parent),VMware Virtual Machine Template,VMware vCenter Network
ci-cloud-network,ci-compute-security-group,Contains,Contains (parent),Cloud Network,Compute Security Group
ci-hpux-server,ci-ip-switch,Connects to,IP Connection (parent),HPUX Server,IP Switch
ci-opc-server,ci-ot-control-system,Connects to,Connects to (parent),OPC Server,OT Control System
ci-compute-security-group,ci-aws-datacenter,Runs on,Hosted on (parent),Compute Security Group,AWS Datacenter
ci-ip-switch,ci-wireless-access-point,Depends on,Controller for (parent),IP Switch,Wireless Access Point
ci-fortinet-firewall-device,ci-ip-address,Depends on,Owns (parent),Fortinet Firewall Device,IP Address
ci-vmware-vcenter-datacenter,ci-esx-server,Contains,Contains (parent),VMware vCenter Datacenter,ESX Server
ci-a10-load-balancer,ci-router-interface,Uses,Uses (parent),A10 Load Balancer,Router Interface
ci-google-datacenter,ci-cloud-disk-type,Contains,Hosts (child),Google Datacenter,Cloud Disk Type
ci-cloud-disk-type,ci-availability-zone,Runs on,Hosted on (parent),Cloud Disk Type,Availability Zone
ci-kafka-cluster,ci-kafka-zoo-keeper,Depends on,child:e819fdffc7616010dc4b677703c26038,Kafka Cluster,Kafka Zoo Keeper
ci-kubernetes-node-pool,ci-kubernetes-cluster,Uses,Uses (child),Kubernetes Node Pool,Kubernetes Cluster
ci-network-adapter,ci-ip-switch,Depends on,Owned by (child),Network Adapter,IP Switch
ci-azure-ai-agent,ci-azure-ai-project,Contains,Contained by (child),Azure AI Agent,Azure AI Project
ci-citrix-netscaler,ci-router-interface,Uses,Uses (child),Citrix Netscaler,Router Interface
ci-esx-server,ci-linux-server,Runs on,Virtualizes (child),ESX Server,Linux Server
ci-storage-server,ci-application,Uses,Used by (child),Storage Server,Application
ci-zoo-keeper-cluster,ci-zoo-keeper-cluster-node,Contains,Cluster of (parent),Zoo Keeper Cluster,Zoo Keeper Cluster Node
ci-windows-server,ci-disk,Contains,Contains (parent),Windows Server,Disk
ci-windows-cluster,ci-windows-cluster-resource,Depends on,Gets resources from (child),Windows Cluster,Windows Cluster Resource
ci-windows-cluster-node,ci-cluster-virtual-ip,Depends on,Applicative Flow From (child),Windows Cluster Node,Cluster Virtual IP
ci-websphere-cell,ci-ibm-websphere-as,Contains,Contained by (child),Websphere Cell,IBM WebSphere AS
ci-openstack-endpoint,ci-openstack-service,Connects to,Use End Point To (parent),OpenStack Endpoint,OpenStack Service
ci-solaris-server,ci-solaris-virtual-machine-instance,Runs on,Instantiates (parent),Solaris Server,Solaris Virtual Machine Instance
ci-windows-server,ci-virtual-machine-instance,Runs on,Virtualized by (parent),Windows Server,Virtual Machine Instance
ci-nas-file-system,ci-fibre-channel-disk,Uses,Provides (parent),NAS File System,Fibre Channel Disk
ci-availability-zone,ci-cloud-subnet,Contains,Contains (parent),Availability Zone,Cloud Subnet
ci-kubernetes-deployment,ci-cloud-service-account,Runs on,Hosted on (parent),Kubernetes Deployment,Cloud Service Account
ci-plc,ci-ews,Connects to,Connected by (child),PLC,EWS
ci-storage-volume,ci-storage-server,Uses,Used by (child),Storage Volume,Storage Server
ci-solaris-server,ci-disk,Contains,Contains (parent),Solaris Server,Disk
ci-sap-sid,ci-sap-scs-application,Uses,Used by (child),SAP SID,SAP SCS Application
ci-sap-jc-application,ci-sap-sid,Uses,Uses (parent),SAP JC Application,SAP SID
ci-cloud-service-account,ci-aws-datacenter,Contains,Hosts (child),Cloud Service Account,AWS Datacenter
ci-storage-volume,ci-storage-file-share,Contains,Allocated to (parent),Storage Volume,Storage File Share
ci-computer,ci-fibre-channel-disk,Contains,Contains (parent),Computer,Fibre Channel Disk
ci-load-balancer-interface,ci-alteon,Depends on,Owned by (child),Load Balancer Interface,Alteon
ci-windows-server,ci-windows-cluster,Contains,Hosts (child),Windows Server,Windows Cluster
ci-google-datacenter,ci-cloud-resource,Contains,Hosts (child),Google Datacenter,Cloud Resource
ci-availability-zone,ci-ibm-datacenter,Contains,Contained by (child),Availability Zone,IBM Datacenter
ci-cluster-resource-group,ci-unix-cluster-resource,Contains,Contains (parent),Cluster Resource Group,UNIX Cluster Resource
ci-fibre-channel-disk,ci-windows-server,Contains,Contained by (child),Fibre Channel Disk,Windows Server
ci-ip-switch,ci-citrix-netscaler,Connects to,IP Connection (child),IP Switch,Citrix Netscaler
ci-load-balancer-pool,ci-citrix-netscaler,Depends on,Owned by (child),Load Balancer Pool,Citrix Netscaler
ci-nutanix-host,ci-nutanix-virtual-machine-instance,Runs on,Has registered (child),Nutanix Host,Nutanix Virtual Machine Instance
ci-load-balancer-service,ci-f5-big-ip,Runs on,Runs on (parent),Load Balancer Service,F5 BIG-IP
ci-switch-partition,ci-switchport,Runs on,Runs on (parent),Switch Partition,Switchport
ci-windows-server,ci-load-balancer-service,Routes to,Distributed by (parent),Windows Server,Load Balancer Service
ci-ibm-websphere-as,ci-web-application,Contains,Contains (parent),IBM WebSphere AS,Web Application
ci-solaris-server,ci-ip-switch,Connects to,IP Connection (parent),Solaris Server,IP Switch
ci-service,ci-endpoint,Depends on,Depends on (parent),Service,Endpoint
ci-ip-camera,ci-video-management-system,Uses,Used by (child),IP Camera,Video Management System
ci-site,ci-iot-device,Contains,Contains (parent),Site,IoT Device
ci-ibm-datacenter,ci-ibm-cloud-space,Contains,Contains (parent),IBM Datacenter,IBM Cloud Space
ci-alteon,ci-network-adapter,Depends on,Owns (parent),Alteon,Network Adapter
ci-router-interface,ci-ip-router,Uses,Used by (child),Router Interface,IP Router
ci-aws-cloud-ecs-task,ci-virtual-machine-instance,Runs on,Runs on (parent),AWS Cloud ECS Task,Virtual Machine Instance
ci-cmdb-ci-cloud-org,ci-cloud-account-group,Contains,Contains (parent),cmdb_ci_cloud_org,Cloud Account Group
ci-ews,ci-scada-server,Connects to,Connects to (parent),EWS,SCADA Server
ci-kubernetes-cluster,ci-linux-server,Depends on,Manages (child),Kubernetes Cluster,Linux Server
ci-cluster-virtual-ip,ci-windows-cluster-node,Uses,Used by (child),Cluster Virtual IP,Windows Cluster Node
ci-dcs,ci-opc-server,Connects to,Connected by (child),DCS,OPC Server
ci-docker-local-image,ci-docker-container,Runs on,Instantiated by (child),Docker Local Image,Docker Container
ci-cloud-network,ci-resource-group,Contains,Contained by (child),Cloud Network,Resource Group
ci-network-adapter,ci-f5-big-ip,Depends on,Owned by (child),Network Adapter,F5 BIG-IP
ci-cloud-public-ip-address,ci-aws-datacenter,Runs on,Hosted on (parent),Cloud Public IP Address,AWS Datacenter
ci-windows-server,ci-ip-address,Depends on,Owns (parent),Windows Server,IP Address
ci-load-balancer-service,ci-radware-load-balancer,Runs on,Runs on (parent),Load Balancer Service,Radware Load Balancer
ci-storage-server,ci-storage-cluster,Runs on,Runs on (parent),Storage Server,Storage Cluster
ci-storage-volume,ci-storage-volume-snapshot,Uses,Provisioned From (parent),Storage Volume,Storage Volume Snapshot
ci-vmware-virtual-machine-instance,ci-vmware-vcenter-datacenter,Contains,Contained by (child),VMware Virtual Machine Instance,VMware vCenter Datacenter
ci-kafka-broker,ci-kafka-topic,Contains,Contains (parent),Kafka Broker,Kafka Topic
ci-iot-device,ci-site,Contains,Contained by (child),IoT Device,Site
ci-vmware-vcenter-datacenter,ci-vmware-vcenter-instance,Depends on,Managed by (parent),VMware vCenter Datacenter,VMware vCenter Instance
ci-scada-server,ci-ews,Connects to,Connected by (child),SCADA Server,EWS
ci-storage-pool,ci-storage-node-element,Contains,Contained by (child),Storage Pool,Storage Node Element
ci-rtu,ci-scada-server,Connects to,Connected by (child),RTU,SCADA Server
ci-unique-certificate,ci-network-hostname,Uses,Used by (child),Unique Certificate,Network Hostname
ci-windows-server,ci-hyper-v-server,Runs on,Runs (child),Windows Server,Hyper-V Server
ci-aws-cloud-ecs-cluster,ci-virtual-machine-instance,Uses,Uses (child),AWS Cloud ECS Cluster,Virtual Machine Instance
ci-protocol-converter,ci-ot-control-system,Connects to,Connected by (child),Protocol Converter,OT Control System
ci-aws-cloud-ecs-service,ci-aws-cloud-ecs-cluster,Runs on,Runs on (parent),AWS Cloud ECS Service,AWS Cloud ECS Cluster
ci-configuration-item,ci-unique-certificate,Uses,Used by (parent),Configuration Item,Unique Certificate
ci-sap-sid,ci-sap-di-application,Uses,Used by (child),SAP SID,SAP DI Application
ci-sap-scs-application,ci-sap-sid,Uses,Uses (parent),SAP SCS Application,SAP SID
ci-fibre-channel-port,ci-storage-controller,Depends on,Controlled by (child),Fibre Channel Port,Storage Controller
ci-storage-hba,ci-computer,Depends on,Owned by (child),Storage HBA,Computer
ci-firewall-device,ci-firewall-manager,Depends on,Manages (child),Firewall Device,Firewall Manager
ci-server,ci-cisco-ucs-blade,Runs on,Runs (child),Server,Cisco UCS Blade
ci-fibre-channel-port,ci-hyper-v-server,Depends on,Owned by (child),Fibre Channel Port,Hyper-V Server
ci-load-balancer-pool,ci-cloud-load-balancer-health-service,Uses,Uses (child),Load Balancer Pool,Cloud Load Balancer Health Service
ci-cmdb-ci-cloud-org,ci-cloud-service-account,Contains,Contains (parent),cmdb_ci_cloud_org,Cloud Service Account
ci-cloudfoundry-organization,ci-cloudfoundry-domain,Depends on,Owns (parent),CloudFoundry Organization,CloudFoundry Domain
ci-scada-server,ci-rtu,Connects to,Connects to (parent),SCADA Server,RTU
ci-zones,ci-solaris-virtual-machine-instance,Runs on,Has registered (child),Zones,Solaris Virtual Machine Instance
ci-cloud-load-balancer-health-service,ci-load-balancer-service,Uses,Used by (parent),Cloud Load Balancer Health Service,Load Balancer Service
ci-iscsi-disk,ci-linux-server,Contains,Contained by (child),iSCSI Disk,Linux Server
ci-dynamic-ci-group,ci-offering,Contains,Contained by (child),Dynamic CI Group,Offering
ci-aws-datacenter,ci-hardware-type,Contains,Hosts (child),AWS Datacenter,Hardware Type
ci-load-balancer-vlan,ci-citrix-netscaler,Depends on,Owned by (child),Load Balancer VLAN,Citrix Netscaler
ci-ibm-zos-server,ci-network-adapter,Depends on,Owns (parent),IBM zOS server,Network Adapter
ci-ip-address,ci-fortinet-firewall-device,Depends on,Owned by (child),IP Address,Fortinet Firewall Device
ci-cloud-service-account,ci-kubernetes-node,Contains,Hosts (child),Cloud Service Account,Kubernetes Node
ci-nat-gateway,ci-resource-group,Contains,Contained by (child),NAT Gateway,Resource Group
ci-palo-alto-firewall-device,ci-network-adapter,Depends on,Owns (parent),Palo Alto Firewall Device,Network Adapter
ci-load-balancer-interface,ci-ace,Depends on,Owned by (child),Load Balancer Interface,ACE
ci-cloud-hardware-type,ci-virtual-machine-instance,Uses,Provisioned (child),Cloud Hardware Type,Virtual Machine Instance
ci-cloud-image,ci-aws-datacenter,Runs on,Hosted on (parent),Cloud Image,AWS Datacenter
ci-exit-interface-routing-rule,ci-ip-switch,Uses,Used by (child),Exit Interface Routing Rule,IP Switch
ci-plc,ci-scada-server,Connects to,Connected by (child),PLC,SCADA Server
ci-ip-address,ci-a10-load-balancer,Depends on,Owned by (child),IP Address,A10 Load Balancer
ci-api-product-bundle,ci-api,Contains,Contains (parent),API Product Bundle,API
ci-storage-cluster,ci-storage-server,Depends on,Manages (child),Storage Cluster,Storage Server
ci-cloud-resource,ci-cloud-service-account,Runs on,Hosted on (parent),Cloud Resource,Cloud Service Account
ci-virtual-private-gateway,ci-vpn-connection,Contains,Contains (parent),Virtual Private Gateway,VPN Connection
ci-kubernetes-pod,ci-docker-image,Contains,Contains (parent),Kubernetes Pod,Docker Image
ci-ot-control-module,ci-dpu,Depends on,Owned by (child),OT Control Module,DPU
ci-nfs-endpoint,ci-storage-volume,Connects to,Implement End Point To (parent),NFS Endpoint,Storage Volume
ci-cloud-hardware-type,ci-instance-template,Uses,Used by (child),Cloud Hardware Type,Instance template
ci-tracked-configuration-file,ci-kubernetes-daemonset,Contains,Contained by (child),Tracked Configuration file,Kubernetes DaemonSet
ci-google-datacenter,ci-availability-zone,Contains,Contains (parent),Google Datacenter,Availability Zone
ci-dns-name,ci-hardware,Depends on,Owned by (child),DNS Name,Hardware
ci-network-adapter,ci-ibm-zos-server,Depends on,Owned by (child),Network Adapter,IBM zOS server
ci-linux-server,ci-docker-container,Runs on,Runs (child),Linux Server,Docker Container
ci-isam-server,ci-ip-address,Depends on,Owns (parent),ISAM Server,IP Address
ci-disk,ci-storage-file-share,Contains,Allocated to (parent),Disk,Storage File Share
ci-nat-endpoint,ci-cloud-network,Connects to,Use End Point From (child),NAT Endpoint,Cloud Network
ci-f5-big-ip,ci-cluster,Contains,Hosts (child),F5 BIG-IP,Cluster
ci-network-adapter,ci-radware-load-balancer,Depends on,Owned by (child),Network Adapter,Radware Load Balancer
ci-aws-datacenter,ci-vpn-connection,Contains,Hosts (child),AWS Datacenter,VPN Connection
ci-storage-hba,ci-windows-server,Depends on,Owned by (child),Storage HBA,Windows Server
ci-ibm-hmc-server,ci-ibm-frame,Depends on,Manages (child),IBM HMC Server,IBM Frame
ci-datastore-disk,ci-vmware-vcenter-datastore,Uses,Provides (child),Datastore Disk,VMware vCenter Datastore
ci-unix-cluster-node,ci-unix-cluster,Contains,Cluster of (parent),UNIX Cluster Node,UNIX Cluster
ci-cassandra-cluster-node,ci-cassandra-instance,Contains,Hosts (child),Cassandra Cluster Node,Cassandra Instance
ci-pure-storage-processor,ci-storage-server,Contains,Contained by (child),Pure Storage Processor,Storage Server
ci-load-balancer-pool,ci-f5-big-ip,Depends on,Owned by (child),Load Balancer Pool,F5 BIG-IP
ci-firewall-device,ci-firewall-device-group,Contains,Member of (child),Firewall Device,Firewall Device Group
ci-hardware,ci-network-topology,Contains,Contained by (child),Hardware,Network Topology
ci-disk,ci-storage-node-element,Contains,Contained by (child),Disk,Storage Node Element
ci-computer,ci-load-balancer-service,Routes to,Distributed by (parent),Computer,Load Balancer Service
ci-juniper-firewall-device,ci-juniper-firewall-cluster,Contains,Hosts (child),Juniper Firewall Device,Juniper Firewall Cluster
ci-internet-gateway-endpoint,ci-cloud-network,Connects to,Use End Point From (child),Internet Gateway Endpoint,Cloud Network
ci-compute-security-group,ci-openstack-datacenter,Runs on,Hosted on (parent),Compute Security Group,Openstack Datacenter
ci-ovirt-cluster,ci-ovirt-virtual-machine-instance,Contains,Hosts (child),oVirt Cluster,oVirt Virtual Machine Instance
ci-file-system,ci-information-object,Uses,Used by (child),File System,Information Object
ci-linux-server,ci-nas-file-system,Contains,Contains (parent),Linux Server,NAS File System
ci-network-circuit,ci-provider-device,Connects to,Connects to (parent),Network Circuit,Provider Device
ci-kafka-cluster-node,ci-kafka-cluster,Contains,Cluster (child),Kafka Cluster Node,Kafka Cluster
ci-ace,ci-router-interface,Uses,Uses (parent),ACE,Router Interface
ci-load-balancer-pool,ci-load-balancer-service,Uses,Used by (child),Load Balancer Pool,Load Balancer Service
ci-cloud-mgmt-network-interface,ci-resource-group,Contains,Contained by (child),Cloud Mgmt Network Interface,Resource Group
ci-storage-node-element,ci-storage-cluster,Depends on,Managed by (parent),Storage Node Element,Storage Cluster
ci-juniper-firewall-device,ci-network-adapter,Depends on,Owns (parent),Juniper Firewall Device,Network Adapter
ci-kubernetes-cluster,ci-edge-application,Runs on,Runs on (parent),Kubernetes Cluster,Edge Application
ci-file-system,ci-solaris-server,Contains,Contained by (child),File System,Solaris Server
ci-cloud-image,ci-cloud-service-account,Runs on,Hosted on (parent),Cloud Image,Cloud Service Account
ci-hardware-type,ci-database,Uses,Provisioned (child),Hardware Type,Database
ci-computer,ci-network-adapter,Depends on,Owns (parent),Computer,Network Adapter
ci-hyper-v-server,ci-fibre-channel-disk,Contains,Contains (parent),Hyper-V Server,Fibre Channel Disk
ci-hyper-v-storage-component,ci-hyper-v-storage,Depends on,Managed by (parent),Hyper-V Storage Component,Hyper-V Storage
ci-cloud-hardware-type,ci-aws-datacenter,Runs on,Hosted on (parent),Cloud Hardware Type,AWS Datacenter
ci-resource-group,ci-instance-scale-set,Contains,Contains (parent),Resource Group,Instance Scale Set
ci-docker-container,ci-aws-cloud-ecs-cluster,Uses,Used by (parent),Docker Container,AWS Cloud ECS Cluster
ci-openstack-datacenter,ci-cloud-key-pair,Contains,Hosts (child),Openstack Datacenter,Cloud Key Pair
ci-avi-controller,ci-avi-controller-cluster,Contains,Cluster (child),AVI Controller,AVI Controller Cluster
ci-hyper-v-server,ci-exit-interface-routing-rule,Uses,Uses (parent),Hyper-V Server,Exit Interface Routing Rule
ci-dns-zone,ci-cloud-network,Connects to,Connected by (parent),DNS Zone,Cloud Network
ci-citrix-netscaler,ci-load-balancer-vlan,Depends on,Owns (parent),Citrix Netscaler,Load Balancer VLAN
ci-kubernetes-statefulset,ci-tracked-configuration-file,Contains,Contains (parent),Kubernetes StatefulSet,Tracked Configuration file
ci-availability-zone,ci-cloud-location-group,Contains,Contains (parent),Availability Zone,Cloud Location Group
ci-kafka-consumer,ci-kafka-consumer-group,Contains,Member of (child),Kafka Consumer,Kafka Consumer Group
ci-opc-server,ci-plc,Connects to,Connects to (parent),OPC Server,PLC
ci-cloud-subnet,ci-resource-group,Contains,Contained by (child),Cloud Subnet,Resource Group
ci-virtual-machine-instance,ci-nfs-endpoint,Connects to,Use End Point To (parent),Virtual Machine Instance,NFS Endpoint
ci-plc,ci-rtu,Connects to,Connected by (child),PLC,RTU
ci-iscsi-disk,ci-windows-server,Contains,Contained by (child),iSCSI Disk,Windows Server
ci-customer-gateway,ci-aws-datacenter,Runs on,Hosted on (parent),Customer Gateway,AWS Datacenter
ci-hyper-v-storage,ci-hyper-v-virtual-machine-instance,Contains,Contained by (child),Hyper-V Storage,Hyper-V Virtual Machine Instance
ci-unix-cluster-resource,ci-cluster-resource-group,Contains,Contained by (child),UNIX Cluster Resource,Cluster Resource Group
ci-unix-cluster-node,ci-cluster-resource-group,Contains,Contains (parent),UNIX Cluster Node,Cluster Resource Group
ci-ot-supervisory-system,ci-protocol-converter,Connects to,Connects to (parent),OT Supervisory System,Protocol Converter
ci-protocol-converter,ci-ot-supervisory-system,Connects to,Connected by (child),Protocol Converter,OT Supervisory System
ci-radware-load-balancer,ci-router-interface,Uses,Uses (parent),Radware Load Balancer,Router Interface
ci-windows-server,ci-file-system,Contains,Contains (parent),Windows Server,File System
ci-openstack-datacenter,ci-cloud-load-balancer,Contains,Hosts (child),Openstack Datacenter,Cloud Load Balancer
ci-hmi,ci-plc,Connects to,Connects to (parent),HMI,PLC
ci-kafka-cluster,ci-kafka-cluster-node,Contains,Cluster of (parent),Kafka Cluster,Kafka Cluster Node
ci-solaris-server,ci-patch,Depends on,Owns (parent),Solaris Server,Patch
ci-cloud-image,ci-resource-group,Contains,Contained by (child),Cloud Image,Resource Group
ci-ip-address,ci-dns-name,Uses,Used by (child),IP Address,DNS Name
ci-file-system,ci-aix-server,Contains,Contained by (child),File System,AIX Server
ci-linux-server,ci-disk,Contains,Contains (parent),Linux Server,Disk
ci-cloud-key-pair,ci-openstack-datacenter,Runs on,Hosted on (parent),Cloud Key Pair,Openstack Datacenter
ci-mssql-availability-group-replica,ci-ms-sql-database,Contains,Contains (parent),MSSQL Availability Group Replica,MS SQL DataBase
ci-vmware-vcenter-datacenter,ci-vmware-vcenter-cluster,Contains,Contains (parent),VMware vCenter Datacenter,VMware vCenter Cluster
ci-virtual-machine-instance,ci-iscsi-endpoint,Connects to,Use End Point To (parent),Virtual Machine Instance,ISCSI Endpoint
ci-ip-address,ci-juniper-firewall-device,Depends on,Owned by (child),IP Address,Juniper Firewall Device
ci-virtual-machine-instance,ci-dns-name,Contains,Contains (parent),Virtual Machine Instance,DNS Name
ci-ip-switch,ci-exit-interface-routing-rule,Uses,Uses (parent),IP Switch,Exit Interface Routing Rule
ci-scada-server,ci-historian,Connects to,Connected by (child),SCADA Server,Historian
ci-virtual-machine-instance,ci-storage-volume,Uses,Uses (parent),Virtual Machine Instance,Storage Volume
ci-kong-load-balancer,ci-api-backend,Uses,Used by (child),Kong Load Balancer,API Backend
ci-iscsi-endpoint,ci-virtual-machine-instance,Connects to,Use End Point From (child),ISCSI Endpoint,Virtual Machine Instance
ci-availability-zone,ci-storage-volume,Contains,Contains (parent),Availability Zone,Storage Volume
ci-firewall-device-group,ci-firewall-manager,Contains,Contained by (child),Firewall Device Group,Firewall Manager
ci-kafka-cluster,ci-kafka-connect,Connects to,Connects to (parent),Kafka Cluster,Kafka Connect
ci-cisco-ucs-blade,ci-cisco-ucs-chassis,Contains,Contained by (child),Cisco UCS Blade,Cisco UCS Chassis
ci-vmware-virtual-machine-instance,ci-vmware-vcenter-folder,Contains,Contained by (child),VMware Virtual Machine Instance,VMware vCenter Folder
ci-dns-name,ci-cloud-load-balancer,Contains,Contained by (child),DNS Name,Cloud Load Balancer
ci-unix-cluster,ci-cluster-virtual-ip,Runs on,Virtualized by (parent),UNIX Cluster,Cluster Virtual IP
ci-load-balancer-pool,ci-cloud-load-balancer,Uses,Used by (child),Load Balancer Pool,Cloud Load Balancer
ci-sap-sid,ci-sap-jc-application,Uses,Used by (child),SAP SID,SAP JC Application
ci-sap-ers-application,ci-sap-sid,Uses,Uses (parent),SAP ERS Application,SAP SID
ci-vmware-virtual-machine-instance,ci-esx-resource-pool,Contains,Member of (child),VMware Virtual Machine Instance,ESX Resource Pool
ci-virtual-machine-instance,ci-hardware-type,Uses,Provisioned From (parent),Virtual Machine Instance,Hardware Type
ci-windows-cluster-node,ci-windows-server,Runs on,Hosted on (parent),Windows Cluster Node,Windows Server
ci-cloud-system-management-agent,ci-configuration-item,Runs on,Runs on (parent),Cloud System Management Agent,Configuration Item
ci-solaris-server,ci-package,Depends on,Owns (parent),Solaris Server,Package
ci-storage-volume,ci-disk,Uses,Provided by (child),Storage Volume,Disk
ci-ovirt-virtual-machine-instance,ci-ovirt-ldc,Runs on,Hosted on (parent),oVirt Virtual Machine Instance,oVirt LDC
ci-load-balancer-service,ci-availability-zone,Contains,Contained by (child),Load Balancer Service,Availability Zone
ci-opc-server,ci-opc-client,Connects to,Connected by (child),OPC Server,OPC Client
ci-database,ci-server,Runs on,Hosted on (parent),Database,Server
ci-cloud-network,ci-aws-datacenter,Runs on,Hosted on (parent),Cloud Network,AWS Datacenter
ci-solaris-server,ci-file-system,Contains,Contains (parent),Solaris Server,File System
ci-intrusion-detection-system,ci-operational-technology-ot,Depends on,Detects (parent),Intrusion Detection System,Operational Technology (OT)
ci-logical-datacenter,ci-kubernetes-cluster-role,Contains,Hosts (child),Logical Datacenter,Kubernetes Cluster Role
ci-virtual-machine-instance,ci-block-endpoint,Connects to,Use End Point To (parent),Virtual Machine Instance,Block Endpoint
ci-unix-cluster-resource,ci-unix-cluster,Depends on,Defines resources for (parent),UNIX Cluster Resource,UNIX Cluster
ci-ied,ci-rtu,Connects to,Connected by (child),IED,RTU
ci-aws-organizational-unit,ci-cloud-account-group,Contains,Contained by (child),AWS Organizational Unit,Cloud Account Group
ci-vmware-vcenter-network,ci-vmware-virtual-machine-instance,Connects to,Connects (child),VMware vCenter Network,VMware Virtual Machine Instance
ci-vmware-vcenter-folder,ci-vmware-vcenter-datacenter,Contains,Contained by (child),VMware vCenter Folder,VMware vCenter Datacenter
ci-ip-router,ci-switch-partition,Contains,Contains (parent),IP Router,Switch Partition
ci-cisco-ucs-chassis,ci-cisco-ucs-equipment,Contains,Contained by (child),Cisco UCS Chassis,Cisco UCS Equipment
ci-application-cluster,ci-endpoint,Contains,Cluster (child),Application Cluster,Endpoint
ci-api-product-bundle,ci-api-consumer-subscription,Uses,Used by (parent),API Product Bundle,API Consumer Subscription
ci-windows-cluster-resource,ci-windows-cluster-node,Depends on,Defines resources for (parent),Windows Cluster Resource,Windows Cluster Node
ci-esx-resource-pool,ci-vmware-vcenter-cluster,Depends on,Defines resources for (parent),ESX Resource Pool,VMware vCenter Cluster
ci-cloud-network,ci-dns-zone,Connects to,Connects (child),Cloud Network,DNS Zone
ci-storage-volume,ci-alibaba-datacenter,Runs on,Hosted on (parent),Storage Volume,Alibaba Datacenter
ci-fortinet-firewall-device,ci-router-interface,Uses,Uses (parent),Fortinet Firewall Device,Router Interface
ci-openstack-datacenter,ci-openstack-endpoint,Contains,Hosts (child),Openstack Datacenter,OpenStack Endpoint
ci-mssql-availability-group-replica,ci-mssql-availability-group,Contains,Cluster of (parent),MSSQL Availability Group Replica,MSSQL Availability Group
ci-esx-server,ci-virtual-machine-instance,Runs on,Has registered (child),ESX Server,Virtual Machine Instance
ci-virtual-machine-instance,ci-esx-server,Runs on,Registered on (parent),Virtual Machine Instance,ESX Server
ci-vmware-vcenter-instance,ci-esx-server,Depends on,Manages (child),VMware vCenter Instance,ESX Server
ci-esx-server,ci-vmware-vcenter-instance,Depends on,Managed by (parent),ESX Server,VMware vCenter Instance
ci-switchport,ci-ip-router,Contains,Contained by (child),Switchport,IP Router
ci-load-balancer-service,ci-nsx-load-balancer,Runs on,Runs on (parent),Load Balancer Service,NSX Load Balancer
ci-kafka-connect,ci-kafka-cluster,Connects to,Connected by (child),Kafka Connect,Kafka Cluster
ci-business-process-activity,ci-business-process,Uses,Used by (child),Business Process Activity,Business Process
ci-vmware-vcenter-datacenter,ci-vmware-virtual-machine-instance,Contains,Contains (parent),VMware vCenter Datacenter,VMware Virtual Machine Instance
ci-storage-export,ci-storage-device,Uses,Exports to (parent),Storage Export,Storage Device
ci-virtual-machine-instance,ci-aws-datacenter,Runs on,Hosted on (parent),Virtual Machine Instance,AWS Datacenter
ci-storage-volume,ci-iscsi-endpoint,Connects to,Implement End Point From (child),Storage Volume,ISCSI Endpoint
ci-ip-switch,ci-solaris-server,Connects to,IP Connection (child),IP Switch,Solaris Server
ci-hardware-type,ci-virtual-machine-instance,Uses,Provisioned (child),Hardware Type,Virtual Machine Instance
ci-network-adapter,ci-linux-server,Depends on,Owned by (child),Network Adapter,Linux Server
ci-ip-router,ci-switchport,Contains,Contains (parent),IP Router,Switchport
ci-switch-forwarding-rule,ci-switchport,Routes to,Distributed by (parent),Switch Forwarding Rule,Switchport
ci-cisco-ucs-equipment,ci-cisco-ucs-chassis,Contains,Contains (parent),Cisco UCS Equipment,Cisco UCS Chassis
ci-storage-server,ci-storage-volume,Uses,Uses (parent),Storage Server,Storage Volume
ci-hyper-v-virtual-machine-instance,ci-hyper-v-storage,Contains,Contains (parent),Hyper-V Virtual Machine Instance,Hyper-V Storage
ci-firewall-security-policy,ci-firewall-device,Contains,Contained by (child),Firewall Security Policy,Firewall Device
ci-radware-load-balancer,ci-ip-address,Depends on,Owns (parent),Radware Load Balancer,IP Address
ci-avi-controller,ci-avi-service-engine,Contains,Contains (parent),AVI Controller,AVI Service Engine
ci-cloud-subnet,ci-nat-gateway,Uses,Uses (parent),Cloud Subnet,NAT Gateway
ci-cisco-ucs-equipment,ci-ip-switch,Contains,Contains (parent),Cisco UCS Equipment,IP Switch
ci-opc-client,ci-scada-server,Connects to,Connected by (child),OPC Client,SCADA Server
ci-aws-cloud-ecs-cluster,ci-docker-container,Uses,Uses (child),AWS Cloud ECS Cluster,Docker Container
ci-storage-server,ci-storage-device,Contains,Contains (parent),Storage Server,Storage Device
ci-alteon,ci-load-balancer-service,Runs on,Runs (child),Alteon,Load Balancer Service
ci-windows-server,ci-iscsi-disk,Contains,Contains (parent),Windows Server,iSCSI Disk
ci-vmware-vcenter-folder,ci-vmware-vcenter-datastore,Contains,Contains (parent),VMware vCenter Folder,VMware vCenter Datastore
ci-computer,ci-next-hop-routing-rule,Uses,Uses (parent),Computer,Next Hop Routing Rule
ci-fibre-channel-disk,ci-linux-server,Contains,Contained by (child),Fibre Channel Disk,Linux Server
ci-business-application,ci-business-process-activity,Uses,Used by (child),Business Application,Business Process Activity
ci-load-balancer-service,ci-a10-load-balancer,Runs on,Runs on (parent),Load Balancer Service,A10 Load Balancer
ci-vmware-vcenter-cluster,ci-esx-resource-pool,Depends on,Gets resources from (child),VMware vCenter Cluster,ESX Resource Pool
ci-cloud-network,ci-internet-gateway-endpoint,Connects to,Use End Point To (parent),Cloud Network,Internet Gateway Endpoint
ci-memory-module,ci-linux-server,Contains,Contained by (child),Memory Module,Linux Server
ci-vmware-vcenter-cluster,ci-vmware-vcenter-datacenter,Contains,Contained by (child),VMware vCenter Cluster,VMware vCenter Datacenter
ci-esx-resource-pool,ci-esx-server,Depends on,Defines resources for (parent),ESX Resource Pool,ESX Server
ci-esx-server,ci-esx-resource-pool,Depends on,Gets resources from (child),ESX Server,ESX Resource Pool
ci-availability-zone,ci-cloud-network,Contains,Contains (parent),Availability Zone,Cloud Network
ci-endpoint,ci-application-cluster,Contains,Cluster of (parent),Endpoint,Application Cluster
ci-network-adapter,ci-solaris-server,Depends on,Owned by (child),Network Adapter,Solaris Server
ci-ot-system-service,ci-technology-management-service,Contains,Contains (parent),OT System Service,Technology Management Service
ci-web-application,ci-jboss,Runs on,Runs (child),Web Application,JBoss
ci-alibaba-datacenter,ci-storage-volume,Contains,Hosts (child),Alibaba Datacenter,Storage Volume
ci-juniper-firewall-cluster,ci-juniper-firewall-device,Runs on,Hosted on (parent),Juniper Firewall Cluster,Juniper Firewall Device
ci-sdwan-edge,ci-sdwan-port,Contains,Contains (parent),SDWAN Edge,SDWAN Port
ci-ibm-lpar-instance,ci-aix-server,Depends on,Owns (parent),IBM LPAR Instance,AIX Server
ci-instance-scale-set,ci-load-balancer-pool,Uses,Consumes (parent),Instance Scale Set,Load Balancer Pool
ci-f5-big-ip,ci-load-balancer-pool,Depends on,Owns (parent),F5 BIG-IP,Load Balancer Pool
ci-video-management-system,ci-edge-application,Uses,Uses (child),Video Management System,Edge Application
ci-hyper-v-server,ci-memory-module,Contains,Contains (parent),Hyper-V Server,Memory Module
ci-computer,ci-hyper-v-server,Runs on,Virtualized by (parent),Computer,Hyper-V Server
ci-router-interface,ci-a10-load-balancer,Uses,Used by (child),Router Interface,A10 Load Balancer
ci-cloud-database,ci-hardware-type,Uses,Provisioned From (parent),Cloud DataBase,Hardware Type
ci-ip-address,ci-ip-switch,Depends on,Owned by (child),IP Address,IP Switch
ci-dns-name,ci-cloud-gateway,Uses,Used by (child),DNS Name,Cloud Gateway
ci-solaris-server,ci-iscsi-disk,Contains,Contains (parent),Solaris Server,iSCSI Disk
ci-esx-server,ci-vmware-virtual-machine-instance,Runs on,Has registered (child),ESX Server,VMware Virtual Machine Instance
ci-cluster,ci-cluster-node,Contains,Cluster (child),Cluster,Cluster Node
ci-storage-server,ci-fibre-channel-export,Contains,Hosts (child),Storage Server,Fibre Channel Export
ci-network-acl,ci-aws-datacenter,Runs on,Hosted on (parent),Network ACL,AWS Datacenter
ci-google-datacenter,ci-cloud-subnet,Contains,Contains (parent),Google Datacenter,Cloud Subnet
ci-database-catalog,ci-information-object,Uses,Used by (child),Database Catalog,Information Object
ci-esx-resource-pool,ci-vmware-virtual-machine-instance,Contains,Members (parent),ESX Resource Pool,VMware Virtual Machine Instance
ci-vmware-vcenter-datastore,ci-esx-server,Uses,Used by (parent),VMware vCenter Datastore,ESX Server
ci-vmware-virtual-machine-instance,ci-esx-server,Runs on,Registered on (parent),VMware Virtual Machine Instance,ESX Server
ci-aws-cloud-ecs-cluster,ci-aws-datacenter,Runs on,Hosted on (parent),AWS Cloud ECS Cluster,AWS Datacenter
ci-cloudfoundry-domain,ci-cloudfoundry-route,Uses,Used by (child),CloudFoundry Domain,CloudFoundry Route
ci-plc,ci-historian,Connects to,Connected by (child),PLC,Historian
ci-solaris-server,ci-fibre-channel-disk,Contains,Contains (parent),Solaris Server,Fibre Channel Disk
ci-virtual-private-gateway,ci-virtual-network-gateway-connection,Connects to,Connected by (parent),Virtual Private Gateway,Virtual Network Gateway Connection
ci-nas-file-system,ci-windows-server,Contains,Contained by (child),NAS File System,Windows Server
ci-cloud-service-account,ci-kubernetes-replicaset,Contains,Hosts (child),Cloud Service Account,Kubernetes ReplicaSet
ci-rtu,ci-opc-server,Connects to,Connected by (child),RTU,OPC Server
ci-next-hop-routing-rule,ci-ip-switch,Uses,Used by (child),Next Hop Routing Rule,IP Switch
ci-vmware-virtual-machine-instance,ci-linux-server,Runs on,Instantiated by (child),VMware Virtual Machine Instance,Linux Server
ci-cisco-ucs-rack-mount-unit,ci-cisco-ucs-equipment,Contains,Contained by (child),Cisco UCS Rack Mount Unit,Cisco UCS Equipment
ci-alteon,ci-ip-address,Depends on,Owns (parent),Alteon,IP Address
ci-kubernetes-pod,ci-linux-server,Contains,Contained by (child),Kubernetes Pod,Linux Server
ci-memory-module,ci-hyper-v-server,Contains,Contained by (child),Memory Module,Hyper-V Server
ci-azure-datacenter,ci-cloud-image,Contains,Hosts (child),Azure Datacenter,Cloud Image
ci-google-datacenter,ci-cloud-mgmt-network-interface,Contains,Hosts (child),Google Datacenter,Cloud Mgmt Network Interface
ci-cloud-hardware-type,ci-google-datacenter,Runs on,Hosted on (parent),Cloud Hardware Type,Google Datacenter
ci-aws-datacenter,ci-virtual-private-gateway,Contains,Hosts (child),AWS Datacenter,Virtual Private Gateway
ci-citrix-netscaler,ci-ip-address,Depends on,Owns (parent),Citrix Netscaler,IP Address
ci-storage-server,ci-file-system,Contains,Contains (parent),Storage Server,File System
ci-scada-server,ci-scada-client,Connects to,Connected by (child),SCADA Server,SCADA Client
ci-vmware-vcenter-datastore,ci-vmware-virtual-machine-template,Uses,Provides storage for (parent),VMware vCenter Datastore,VMware Virtual Machine Template
ci-cluster-node,ci-cluster,Contains,Cluster of (parent),Cluster Node,Cluster
ci-cluster-virtual-ip,ci-windows-cluster-node,Depends on,Applicative Flow To (parent),Cluster Virtual IP,Windows Cluster Node
ci-citrix-netscaler,ci-ip-switch,Connects to,IP Connection (parent),Citrix Netscaler,IP Switch
ci-vmware-vcenter-folder,ci-vmware-virtual-machine-template,Contains,Contains (parent),VMware vCenter Folder,VMware Virtual Machine Template
ci-ibm-datacenter,ci-storage-volume,Contains,Hosts (child),IBM Datacenter,Storage Volume
ci-sap-ascs-application,ci-sap-sid,Uses,Uses (parent),SAP ASCS Application,SAP SID
ci-computer,ci-router-interface,Uses,Uses (parent),Computer,Router Interface
ci-kubernetes-namespace,ci-cloud-service-account,Runs on,Hosted on (parent),Kubernetes Namespace,Cloud Service Account
ci-aix-server,ci-ip-address,Depends on,Owns (parent),AIX Server,IP Address
ci-storage-node-element,ci-storage-server,Contains,Allocated from (child),Storage Node Element,Storage Server
ci-mssql-availability-group-replica,ci-msft-sql-instance,Contains,Member of (child),MSSQL Availability Group Replica,MSFT SQL Instance
ci-unix-cluster-node,ci-linux-server,Runs on,Hosted on (parent),UNIX Cluster Node,Linux Server
ci-storage-pool,ci-solaris-server,Contains,Contained by (child),Storage Pool,Solaris Server
ci-server,ci-application,Runs on,Runs (child),Server,Application
ci-application,ci-windows-server,Runs on,Runs on (parent),Application,Windows Server
ci-file-system,ci-fibre-channel-disk,Uses,Provided by (child),File System,Fibre Channel Disk
ci-api-frontend,ci-api-backend,Connects to,Use End Point To (parent),API Frontend,API Backend
ci-storage-hba,ci-fibre-channel-port,Depends on,Controller for (parent),Storage HBA,Fibre Channel Port
ci-ot-control-module,ci-industrial-robot,Depends on,Owns (parent),OT Control Module,Industrial Robot
ci-industrial-robot,ci-ot-control-module,Depends on,Owned by (child),Industrial Robot,OT Control Module
ci-virtual-machine-instance,ci-aws-cloud-ecs-task,Runs on,Runs (child),Virtual Machine Instance,AWS Cloud ECS Task
ci-hyper-v-server,ci-file-system,Contains,Contains (parent),Hyper-V Server,File System
ci-unix-cluster,ci-linux-server,Runs on,Hosted on (parent),UNIX Cluster,Linux Server
ci-hyper-v-server,ci-hyper-v-resource-pool,Depends on,Gets resources from (child),Hyper-V Server,Hyper-V Resource Pool
ci-virtual-machine-instance,ci-subnet-endpoint,Connects to,Use End Point To (parent),Virtual Machine Instance,Subnet Endpoint
ci-virtual-machine-instance,ci-google-datacenter,Runs on,Hosted on (parent),Virtual Machine Instance,Google Datacenter
ci-network-adapter,ci-storage-server,Uses,Used by (child),Network Adapter,Storage Server
ci-hpux-server,ci-router-interface,Uses,Uses (parent),HPUX Server,Router Interface
ci-database-catalog,ci-service,Uses,Used by (child),Database Catalog,Service
ci-fibre-channel-disk,ci-computer,Contains,Contained by (child),Fibre Channel Disk,Computer
ci-windows-server,ci-ip-switch,Connects to,IP Connection (parent),Windows Server,IP Switch
ci-ibm-websphere-as,ci-websphere-cell,Contains,Contains (parent),IBM WebSphere AS,Websphere Cell
ci-cloud-disk-type,ci-google-datacenter,Runs on,Hosted on (parent),Cloud Disk Type,Google Datacenter
ci-cloud-load-balancer-health-service,ci-load-balancer-pool,Uses,Used by (parent),Cloud Load Balancer Health Service,Load Balancer Pool
ci-nas-file-system,ci-solaris-server,Contains,Contained by (child),NAS File System,Solaris Server
ci-image,ci-openstack-datacenter,Runs on,Hosted on (parent),Image,Openstack Datacenter
ci-openstack-datacenter,ci-cloud-network,Contains,Hosts (child),Openstack Datacenter,Cloud Network
ci-web-acl,ci-cloud-load-balancer,Depends on,Protects (child),Web ACL,Cloud Load Balancer
ci-computer,ci-exit-interface-routing-rule,Uses,Uses (parent),Computer,Exit Interface Routing Rule
ci-storage-file-share,ci-disk,Contains,Allocated from (child),Storage File Share,Disk
ci-lvm-pool,ci-lvm-pool-member,Contains,Members (parent),LVM Pool,LVM Pool Member
ci-linux-server,ci-router-interface,Uses,Uses (parent),Linux Server,Router Interface
ci-industrial-actuator,ci-ot-control-module,Depends on,Owned by (child),Industrial Actuator,OT Control Module
ci-firewall-manager,ci-firewall-device,Depends on,Managed by (parent),Firewall Manager,Firewall Device
ci-aws-datacenter,ci-aws-cloud-ecs-cluster,Contains,Hosts (child),AWS Datacenter,AWS Cloud ECS Cluster
ci-aws-cloud-ecs-taskdefinition,ci-aws-datacenter,Runs on,Hosted on (parent),AWS Cloud ECS TaskDefinition,AWS Datacenter
ci-hyper-v-server,ci-hyper-v-cluster,Contains,Member of (child),Hyper-V Server,Hyper-V Cluster
ci-acl-endpoint,ci-cloud-subnet,Connects to,Use End Point From (child),ACL Endpoint,Cloud Subnet
ci-cloud-hardware-type,ci-database,Uses,Provisioned (child),Cloud Hardware Type,Database
ci-linux-server,ci-unix-cluster,Contains,Hosts (child),Linux Server,UNIX Cluster
ci-router-interface,ci-solaris-server,Uses,Used by (child),Router Interface,Solaris Server
ci-vmware-virtual-machine-template,ci-vmware-vcenter-datastore,Depends on,Stored on (child),VMware Virtual Machine Template,VMware vCenter Datastore
ci-cloud-load-balancer,ci-cloud-subnet,Contains,Contained by (child),Cloud Load Balancer,Cloud Subnet
ci-radware-load-balancer,ci-load-balancer-service,Runs on,Runs (child),Radware Load Balancer,Load Balancer Service
ci-nas-file-system,ci-iscsi-disk,Uses,Provides (parent),NAS File System,iSCSI Disk
ci-hyper-v-virtual-machine-instance,ci-hyper-v-virtual-network,Connects to,Connected by (parent),Hyper-V Virtual Machine Instance,Hyper-V Virtual Network
ci-aix-server,ci-ip-switch,Connects to,IP Connection (parent),AIX Server,IP Switch
ci-nginx-web-server,ci-nginx-load-balancer,Uses,Provides (parent),Nginx Web Server,Nginx Load Balancer
ci-file-system,ci-storage-device,Uses,Provides (parent),File System,Storage Device
ci-apache-web-server,ci-tomcat,Depends on,Depends on (parent),Apache Web Server,Tomcat
ci-alteon,ci-ip-switch,Connects to,IP Connection (parent),Alteon,IP Switch
ci-virtual-machine-instance,ci-ibm-datacenter,Runs on,Hosted on (parent),Virtual Machine Instance,IBM Datacenter
ci-aws-cloud-ecs-taskdefinition,ci-aws-cloud-ecs-task,Uses,Used by (child),AWS Cloud ECS TaskDefinition,AWS Cloud ECS Task
ci-windows-cluster,ci-cluster-virtual-ip,Runs on,Virtualized by (parent),Windows Cluster,Cluster Virtual IP
ci-zones,ci-computer-room,Contains,Houses (child),Zones,Computer Room
ci-ibm-datacenter,ci-cloud-network,Contains,Hosts (child),IBM Datacenter,Cloud Network
ci-ot-system-service,ci-cmdb-ci-ot-isa-entity,Depends on,Manages (child),OT System Service,cmdb_ci_ot_isa_entity
ci-cloud-load-balancer,ci-web-acl,Depends on,Protected by (parent),Cloud Load Balancer,Web ACL
ci-docker-image,ci-docker-container,Runs on,Instantiates (parent),Docker Image,Docker Container
ci-storage-disk,ci-datastore-disk,Uses,Exports to (parent),Storage Disk,Datastore Disk
ci-cloud-service-account,ci-kubernetes-cluster-role-binding,Contains,Hosts (child),Cloud Service Account,Kubernetes Cluster Role Binding
ci-storage-server,ci-fibre-channel-port,Depends on,Owns (parent),Storage Server,Fibre Channel Port
ci-rtu,ci-historian,Connects to,Connected by (child),RTU,Historian
ci-fortinet-firewall-cluster,ci-fortinet-firewall-device,Runs on,Hosted on (parent),Fortinet Firewall Cluster,Fortinet Firewall Device
ci-oracle-golden-gate,ci-oracle-golden-gate-replicat-process,Depends on,Managed by (parent),Oracle Golden Gate,Oracle Golden Gate Replicat Process
ci-kafka-consumer-group,ci-kafka-consumer,Contains,Members (parent),Kafka Consumer Group,Kafka Consumer
ci-a10-load-balancer,ci-load-balancer-interface,Depends on,Owns (parent),A10 Load Balancer,Load Balancer Interface
ci-openstack-domain,ci-cloud-service-account,Depends on,Owns (parent),OpenStack Domain,Cloud Service Account
ci-ot-control-system,ci-protocol-converter,Connects to,Connects to (parent),OT Control System,Protocol Converter
ci-ip-router,ci-exit-interface-routing-rule,Uses,Uses (parent),IP Router,Exit Interface Routing Rule
ci-ip-address,ci-alteon,Depends on,Owned by (child),IP Address,Alteon
ci-kubernetes-deployment,ci-tracked-configuration-file,Contains,Contains (parent),Kubernetes Deployment,Tracked Configuration file
ci-lvm-pool-member,ci-lvm-pool,Contains,Member of (child),LVM Pool Member,LVM Pool
ci-hardware-type,ci-instance-template,Uses,Used by (child),Hardware Type,Instance template
ci-instance-template,ci-image,Uses,Uses (parent),Instance template,Image
ci-kubernetes-node,ci-linux-server,Runs on,Hosted on (parent),Kubernetes Node,Linux Server
ci-load-balancer-service,ci-application,Routes to,Distributes (child),Load Balancer Service,Application
ci-kafka-cluster,ci-confluent-environment,Contains,Contained by (child),Kafka Cluster,Confluent Environment
ci-ovirt-virtual-machine-instance,ci-vnic-endpoint,Connects to,Use End Point To (parent),oVirt Virtual Machine Instance,VNIC Endpoint
ci-kubernetes-namespace,ci-kubernetes-deployment,Contains,Contains (parent),Kubernetes Namespace,Kubernetes Deployment
ci-business-application,ci-service,Uses,Consumes (parent),Business Application,Service
ci-api-backend,ci-api-frontend,Connects to,Use End Point From (child),API Backend,API Frontend
ci-router-interface,ci-palo-alto-firewall-device,Uses,Used by (child),Router Interface,Palo Alto Firewall Device
ci-load-balancer-service,ci-cloud-load-balancer-health-service,Uses,Uses (child),Load Balancer Service,Cloud Load Balancer Health Service
ci-availability-zone,ci-aws-datacenter,Contains,Contained by (child),Availability Zone,AWS Datacenter
ci-file-system,ci-storage-server,Contains,Contained by (child),File System,Storage Server
ci-computer,ci-disk,Contains,Contains (parent),Computer,Disk
ci-jboss,ci-web-application,Runs on,Runs on (parent),JBoss,Web Application
ci-information-object,ci-configuration-file,Depends on,Depends on (parent),Information Object,Configuration file
ci-hyper-v-server,ci-storage-device,Contains,Contains (parent),Hyper-V Server,Storage Device
ci-storage-node-element,ci-ip-address,Depends on,Owns (parent),Storage Node Element,IP Address
ci-load-balancer-interface,ci-a10-load-balancer,Depends on,Owned by (child),Load Balancer Interface,A10 Load Balancer
ci-resource-group,ci-virtual-network-gateway-connection,Contains,Contains (parent),Resource Group,Virtual Network Gateway Connection
ci-virtual-machine-instance,ci-aws-cloud-ecs-cluster,Uses,Used by (parent),Virtual Machine Instance,AWS Cloud ECS Cluster
ci-vnic-endpoint,ci-virtual-machine-instance,Connects to,Use End Point From (child),VNIC Endpoint,Virtual Machine Instance
ci-tracked-configuration-file,ci-kubernetes-deployment,Contains,Contained by (child),Tracked Configuration file,Kubernetes Deployment
ci-ip-address,ci-cohesity-node,Depends on,Owned by (child),IP Address,Cohesity Node
ci-storage-file-share,ci-nas-file-system,Contains,Allocated to (child),Storage File Share,NAS File System
ci-solaris-server,ci-router-interface,Uses,Uses (parent),Solaris Server,Router Interface
ci-graphics-processing-unit,ci-computer,Uses,Used by (parent),Graphics Processing Unit,Computer
ci-juniper-firewall-device,ci-ip-address,Depends on,Owns (parent),Juniper Firewall Device,IP Address
ci-zoo-keeper-cluster-node,ci-zoo-keeper-cluster,Contains,Cluster (child),Zoo Keeper Cluster Node,Zoo Keeper Cluster
ci-chassis,ci-cohesity-node,Contains,Hosts (child),Chassis,Cohesity Node
ci-fibre-channel-port,ci-storage-hba,Depends on,Controlled by (child),Fibre Channel Port,Storage HBA
ci-hpux-server,ci-patch,Depends on,Owns (parent),HPUX Server,Patch
ci-cisco-firewall-device,ci-network-adapter,Depends on,Owns (parent),Cisco Firewall Device,Network Adapter
ci-disk-partition,ci-hyper-v-server,Contains,Contained by (child),Disk Partition,Hyper-V Server
ci-ovirt-ldc,ci-ovirt-virtual-machine-instance,Contains,Hosts (child),oVirt LDC,oVirt Virtual Machine Instance
ci-docker-image,ci-kubernetes-pod,Contains,Contained by (child),Docker Image,Kubernetes Pod
ci-fibre-channel-disk,ci-hyper-v-server,Contains,Contained by (child),Fibre Channel Disk,Hyper-V Server
ci-hyper-v-server,ci-hyper-v-virtual-network-component,Uses,Provided by (child),Hyper-V Server,Hyper-V Virtual Network Component
ci-hyper-v-server,ci-next-hop-routing-rule,Uses,Uses (parent),Hyper-V Server,Next Hop Routing Rule
ci-confluent-environment,ci-kafka-cluster,Contains,Contains (parent),Confluent Environment,Kafka Cluster
ci-network-adapter,ci-hpux-server,Depends on,Owned by (child),Network Adapter,HPUX Server
ci-palo-alto-firewall-device,ci-ip-address,Depends on,Owns (parent),Palo Alto Firewall Device,IP Address
ci-ip-switch,ci-cisco-ucs-equipment,Contains,Contained by (child),IP Switch,Cisco UCS Equipment
ci-linux-server,ci-storage-hba,Depends on,Owns (parent),Linux Server,Storage HBA
ci-citrix-netscaler,ci-load-balancer-pool,Depends on,Owns (parent),Citrix Netscaler,Load Balancer Pool
ci-cisco-ucs-rack-mount-unit,ci-server,Runs on,Runs on (parent),Cisco UCS Rack Mount Unit,Server
ci-nutanix-virtual-machine-instance,ci-nutanix-host,Runs on,Registered on (parent),Nutanix Virtual Machine Instance,Nutanix Host
ci-file-system,ci-hyper-v-server,Contains,Contained by (child),File System,Hyper-V Server
ci-kubernetes-cluster-role-binding,ci-logical-datacenter,Runs on,Hosted on (parent),Kubernetes Cluster Role Binding,Logical Datacenter
ci-windows-server,ci-network-adapter,Depends on,Owns (parent),Windows Server,Network Adapter
ci-ot-system-service,ci-business-service,Depends on,Depends on (parent),OT System Service,Business Service
ci-linux-server,ci-fibre-channel-disk,Contains,Contains (parent),Linux Server,Fibre Channel Disk
svc-cmdb-dependency-mapping,ci-business-application,Runs on,,,
svc-cmdb-dependency-mapping,ci-api,Runs on,,,
svc-cmdb-dependency-mapping,ci-api-backend,Runs on,,,
svc-cmdb-dependency-mapping,ci-azure-ai-agent,Runs on,,,
svc-cmdb-dependency-mapping,ci-cloudfoundry-application,Runs on,,,
svc-cmdb-dependency-mapping,ci-opc-server,Runs on,,,
svc-cmdb-dependency-mapping,ci-dynamic-ci-group,Runs on,,,
svc-cmdb-dependency-mapping,ci-dynamodb-global-table,Runs on,,,
svc-cmdb-dependency-mapping,ci-firewall-device,Runs on,,,
svc-cmdb-dependency-mapping,ci-ibm-hmc-server,Runs on,,,
svc-cmdb-dependency-mapping,ci-web-application,Runs on,,,
svc-cmdb-dependency-mapping,ci-intrusion-detection-system,Runs on,,,
svc-cmdb-dependency-mapping,ci-network-circuit,Runs on,,,
svc-cmdb-dependency-mapping,ci-nginx-web-server,Runs on,,,
svc-cmdb-dependency-mapping,ci-nutanix-cluster,Runs on,,,
svc-cmdb-dependency-mapping,ci-oracle-database-listener,Runs on,,,
svc-cmdb-dependency-mapping,ci-oracle-golden-gate,Runs on,,,
svc-cmdb-dependency-mapping,ci-oracle-weblogic,Runs on,,,
svc-cmdb-dependency-mapping,ci-sap-ascs-application,Runs on,,,
